-- MySQL dump 10.13  Distrib 8.0.34, for Win64 (x86_64)
--
-- Host: localhost    Database: magasin
-- ------------------------------------------------------
-- Server version	8.0.34

/*!40101 SET @OLD_CHARACTER_SET_CLIENT=@@CHARACTER_SET_CLIENT */;
/*!40101 SET @OLD_CHARACTER_SET_RESULTS=@@CHARACTER_SET_RESULTS */;
/*!40101 SET @OLD_COLLATION_CONNECTION=@@COLLATION_CONNECTION */;
/*!50503 SET NAMES utf8mb4 */;
/*!40103 SET @OLD_TIME_ZONE=@@TIME_ZONE */;
/*!40103 SET TIME_ZONE='+00:00' */;
/*!40014 SET @OLD_UNIQUE_CHECKS=@@UNIQUE_CHECKS, UNIQUE_CHECKS=0 */;
/*!40014 SET @OLD_FOREIGN_KEY_CHECKS=@@FOREIGN_KEY_CHECKS, FOREIGN_KEY_CHECKS=0 */;
/*!40101 SET @OLD_SQL_MODE=@@SQL_MODE, SQL_MODE='NO_AUTO_VALUE_ON_ZERO' */;
/*!40111 SET @OLD_SQL_NOTES=@@SQL_NOTES, SQL_NOTES=0 */;

--
-- Table structure for table `client`
--

DROP TABLE IF EXISTS `client`;
/*!40101 SET @saved_cs_client     = @@character_set_client */;
/*!50503 SET character_set_client = utf8mb4 */;
CREATE TABLE `client` (
  `id` int NOT NULL AUTO_INCREMENT,
  `prenom` varchar(255) DEFAULT NULL,
  `nom` varchar(255) DEFAULT NULL,
  `telephone` varchar(15) DEFAULT NULL,
  `sexe` varchar(10) DEFAULT NULL,
  `niveau` varchar(1) DEFAULT NULL,
  PRIMARY KEY (`id`)
) ENGINE=InnoDB AUTO_INCREMENT=101 DEFAULT CHARSET=utf8mb4 COLLATE=utf8mb4_0900_ai_ci;
/*!40101 SET character_set_client = @saved_cs_client */;

--
-- Dumping data for table `client`
--

LOCK TABLES `client` WRITE;
/*!40000 ALTER TABLE `client` DISABLE KEYS */;
INSERT INTO `client` VALUES (1,'MARTIN','MCKINLEY','77-102-31-61','M','A'),(2,'CALVIN','MADISON','76-146-73-60','F','B'),(3,'ULYSSES','ROOSEVELT','77-112-06-58','M','C'),(4,'MILLARD','FILLMORE','78-128-82-74','F','C'),(5,'HERBERT','WILSON','77-852-96-15','M','B'),(6,'GERALD','WASHINGTON','76-850-63-31','M','A'),(7,'THEODORE','HARRISON','77-562-04-00','M','A'),(8,'THEODORE','MONROE','77-770-47-00','F','C'),(9,'JAMES','HARDING','76-372-28-85','M','C'),(10,'THEODORE','COOLIDGE','77-256-31-61','F','A'),(11,'RUTHERFORD','CLINTON','77-000-63-95','F','C'),(12,'GROVER','HAYES','78-163-57-64','M','A'),(13,'ANDREW','GRANT','77-965-99-32','M','A'),(14,'CHESTER','HOOVER','77-208-67-88','F','B'),(15,'FRANKLIN','WASHINGTON','77-430-72-79','F','A'),(16,'GERALD','TAFT','76-376-95-33','M','B'),(17,'GERALD','JOHNSON','77-059-41-46','M','A'),(18,'WARREN','FORD','78-884-86-09','M','C'),(19,'HARRY','KENNEDY','76-512-05-13','M','B'),(20,'HERBERT','CLINTON','78-434-57-86','F','C'),(21,'THOMAS','GARFIELD','78-470-73-75','F','B'),(22,'RUTHERFORD','ADAMS','77-782-47-30','F','B'),(23,'THEODORE','HARDING','77-300-55-94','M','B'),(24,'BENJAMIN','KENNEDY','77-856-20-45','F','B'),(25,'WOODROW','JACKSON','78-757-50-22','M','C'),(26,'ABRAHAM','ADAMS','77-938-04-83','F','B'),(27,'FRANKLIN','TYLER','77-340-18-47','M','C'),(28,'CALVIN','GARFIELD','77-666-92-02','F','B'),(29,'CALVIN','TAFT','77-184-94-60','M','A'),(30,'MILLARD','ADAMS','77-853-46-78','M','A'),(31,'RONALD','CARTER','77-618-72-72','F','C'),(32,'FRANKLIN','JACKSON','78-377-59-03','F','A'),(33,'THOMAS','MADISON','76-770-45-08','M','B'),(34,'DWIGHT','ADAMS','77-654-79-28','M','B'),(35,'ZACHARY','JOHNSON','77-842-15-68','F','C'),(36,'CALVIN','JOHNSON','77-442-04-30','F','A'),(37,'MILLARD','JACKSON','76-941-86-28','F','B'),(38,'THEODORE','FORD','77-973-89-09','M','C'),(39,'GEORGE','POLK','77-586-99-11','F','C'),(40,'ANDREW','ADAMS','76-687-36-48','F','B'),(41,'RUTHERFORD','TAFT','78-282-98-82','F','B'),(42,'FRANKLIN','ROOSEVELT','77-048-50-94','F','B'),(43,'BILL','TAYLOR','78-776-11-11','F','B'),(44,'MARTIN','MONROE','78-213-84-42','M','B'),(45,'RONALD','TRUMAN','77-885-90-18','M','B'),(46,'BENJAMIN','POLK','76-549-13-18','M','B'),(47,'WILLIAM','WILSON','78-020-60-18','M','B'),(48,'ANDREW','ADAMS','78-262-00-15','M','B'),(49,'ULYSSES','HARRISON','78-788-49-01','F','B'),(50,'LYNDON','JEFFERSON','77-623-42-15','F','B'),(51,'BENJAMIN','LINCOLN','77-292-12-19','M','A'),(52,'RUTHERFORD','COOLIDGE','76-571-28-92','M','A'),(53,'GROVER','MADISON','77-023-72-82','M','B'),(54,'DWIGHT','ARTHUR','78-667-26-98','M','A'),(55,'GROVER','MCKINLEY','78-460-27-71','M','A'),(56,'RICHARD','TRUMAN','76-687-86-69','F','B'),(57,'GEORGE','ADAMS','77-756-19-18','M','A'),(58,'GEORGE','MCKINLEY','76-320-39-00','F','A'),(59,'RUTHERFORD','TYLER','76-161-43-26','F','B'),(60,'ANDREW','HAYES','78-761-09-74','F','B'),(61,'ULYSSES','JOHNSON','77-022-46-13','M','B'),(62,'RICHARD','HAYES','78-176-84-56','M','A'),(63,'MARTIN','JOHNSON','77-529-62-05','F','C'),(64,'THEODORE','JEFFERSON','77-309-05-75','F','B'),(65,'WILLIAM','MONROE','77-560-56-27','F','C'),(66,'ZACHARY','REAGAN','76-725-72-59','M','C'),(67,'BILL','MADISON','76-263-90-51','F','A'),(68,'CHESTER','HOOVER','78-451-75-97','F','B'),(69,'JAMES','MADISON','76-252-33-99','F','B'),(70,'ABRAHAM','WASHINGTON','76-011-97-43','F','B'),(71,'CALVIN','HARDING','77-548-70-30','F','A'),(72,'ZACHARY','ADAMS','78-120-49-87','M','B'),(73,'RICHARD','GARFIELD','78-646-95-33','M','B'),(74,'THEODORE','MONROE','77-520-38-49','F','A'),(75,'ANDREW','JACKSON','77-323-73-24','M','B'),(76,'GEORGE','POLK','76-744-75-87','F','B'),(77,'WOODROW','LINCOLN','77-090-29-08','M','B'),(78,'MARTIN','ADAMS','77-779-62-14','F','C'),(79,'JOHN','GARFIELD','78-392-85-61','F','B'),(80,'HARRY','HOOVER','78-903-35-60','F','C'),(81,'THOMAS','MONROE','78-956-48-44','F','B'),(82,'GEORGE','JACKSON','77-192-48-44','M','B'),(83,'THOMAS','MADISON','76-893-43-39','M','B'),(84,'ANDREW','QUINCY','78-452-08-17','M','B'),(85,'JAMES','PIERCE','77-464-18-93','M','A'),(86,'MILLARD','ADAMS','77-583-16-12','F','C'),(87,'RICHARD','ROOSEVELT','77-602-77-89','F','C'),(88,'JOHN','REAGAN','76-624-63-99','M','A'),(89,'JAMES','GRANT','78-604-22-90','F','B'),(90,'JAMES','KENNEDY','77-980-86-35','F','B'),(91,'FRANKLIN','FORD','77-593-99-28','F','B'),(92,'ABRAHAM','MONROE','77-603-98-62','F','C'),(93,'GERALD','POLK','78-653-90-23','M','B'),(94,'JIMMY','COOLIDGE','76-103-20-80','F','B'),(95,'JOHN','ROOSEVELT','77-745-90-60','M','A'),(96,'ABRAHAM','JACKSON','78-069-04-17','F','B'),(97,'MILLARD','ADAMS','77-796-57-67','F','B'),(98,'FRANKLIN','TAFT','76-088-12-51','F','A'),(99,'CALVIN','JEFFERSON','76-591-40-58','F','C'),(100,'JOHN','GRANT','78-217-89-73','M','B');
/*!40000 ALTER TABLE `client` ENABLE KEYS */;
UNLOCK TABLES;

--
-- Table structure for table `commande`
--

DROP TABLE IF EXISTS `commande`;
/*!40101 SET @saved_cs_client     = @@character_set_client */;
/*!50503 SET character_set_client = utf8mb4 */;
CREATE TABLE `commande` (
  `id` int NOT NULL AUTO_INCREMENT,
  `client_id` int DEFAULT NULL,
  `vendeur_id` int DEFAULT NULL,
  `date` date DEFAULT NULL,
  PRIMARY KEY (`id`),
  KEY `client_id` (`client_id`),
  KEY `vendeur_id` (`vendeur_id`),
  CONSTRAINT `commande_ibfk_1` FOREIGN KEY (`client_id`) REFERENCES `client` (`id`),
  CONSTRAINT `commande_ibfk_2` FOREIGN KEY (`vendeur_id`) REFERENCES `vendeur` (`id`)
) ENGINE=InnoDB AUTO_INCREMENT=1501 DEFAULT CHARSET=utf8mb4 COLLATE=utf8mb4_0900_ai_ci;
/*!40101 SET character_set_client = @saved_cs_client */;

--
-- Dumping data for table `commande`
--

LOCK TABLES `commande` WRITE;
/*!40000 ALTER TABLE `commande` DISABLE KEYS */;
INSERT INTO `commande` VALUES (1,15,7,'2023-10-10'),(2,87,6,'2023-11-16'),(3,77,7,'2023-09-07'),(4,77,8,'2023-10-30'),(5,67,8,'2023-09-27'),(6,56,8,'2023-12-07'),(7,90,6,'2023-10-30'),(8,58,4,'2023-10-04'),(9,47,9,'2023-11-10'),(10,43,1,'2023-10-14'),(11,41,10,'2023-09-09'),(12,52,3,'2023-12-13'),(13,28,6,'2023-10-08'),(14,16,9,'2023-10-28'),(15,45,4,'2023-10-26'),(16,16,3,'2023-12-28'),(17,72,1,'2023-12-09'),(18,34,4,'2023-10-10'),(19,49,5,'2023-11-22'),(20,11,7,'2023-12-14'),(21,46,9,'2023-11-05'),(22,50,8,'2023-11-02'),(23,17,4,'2023-11-29'),(24,99,5,'2023-10-26'),(25,83,2,'2023-10-05'),(26,62,8,'2023-09-30'),(27,54,5,'2023-10-02'),(28,81,9,'2023-09-16'),(29,58,4,'2023-11-20'),(30,32,6,'2023-09-30'),(31,66,9,'2023-09-21'),(32,75,10,'2023-11-06'),(33,69,10,'2023-09-20'),(34,75,8,'2023-09-28'),(35,70,1,'2023-12-02'),(36,78,7,'2023-09-12'),(37,23,7,'2023-10-13'),(38,28,7,'2023-11-03'),(39,22,5,'2023-12-20'),(40,25,10,'2023-10-30'),(41,17,7,'2023-10-30'),(42,2,10,'2023-11-16'),(43,50,3,'2023-10-07'),(44,100,10,'2023-10-13'),(45,81,7,'2023-12-23'),(46,42,3,'2023-09-29'),(47,25,2,'2023-12-06'),(48,61,7,'2023-12-03'),(49,15,10,'2023-10-12'),(50,41,6,'2023-11-13'),(51,27,10,'2023-09-21'),(52,87,3,'2023-12-21'),(53,58,3,'2023-09-09'),(54,88,4,'2023-12-24'),(55,84,7,'2023-10-16'),(56,25,10,'2023-12-22'),(57,60,4,'2023-12-31'),(58,81,4,'2023-10-08'),(59,82,2,'2023-12-12'),(60,53,2,'2023-12-15'),(61,92,3,'2023-11-19'),(62,11,9,'2023-11-14'),(63,96,8,'2023-12-26'),(64,26,2,'2023-12-09'),(65,10,5,'2023-11-17'),(66,76,8,'2023-12-23'),(67,10,10,'2023-09-12'),(68,43,8,'2023-10-02'),(69,6,1,'2023-12-28'),(70,59,7,'2023-11-13'),(71,25,10,'2023-12-17'),(72,65,8,'2023-12-22'),(73,5,3,'2023-12-22'),(74,36,2,'2023-10-08'),(75,63,6,'2023-11-28'),(76,35,4,'2023-09-25'),(77,18,4,'2023-10-09'),(78,13,7,'2023-10-31'),(79,61,7,'2023-12-07'),(80,58,4,'2023-10-24'),(81,50,4,'2023-10-15'),(82,31,4,'2023-10-07'),(83,54,5,'2023-12-13'),(84,65,6,'2023-09-08'),(85,79,3,'2023-10-02'),(86,49,7,'2023-10-18'),(87,43,8,'2023-12-04'),(88,39,8,'2023-09-17'),(89,8,3,'2023-09-10'),(90,82,3,'2023-10-24'),(91,91,2,'2023-09-27'),(92,40,5,'2023-09-12'),(93,27,8,'2023-11-28'),(94,96,1,'2023-10-29'),(95,22,5,'2023-12-26'),(96,60,4,'2023-11-28'),(97,15,9,'2023-09-26'),(98,8,3,'2023-09-08'),(99,62,10,'2023-11-09'),(100,59,9,'2023-09-28'),(101,8,9,'2023-10-21'),(102,4,3,'2023-12-01'),(103,95,7,'2023-09-14'),(104,85,1,'2023-12-22'),(105,15,7,'2023-11-03'),(106,52,10,'2023-11-27'),(107,88,5,'2023-12-22'),(108,92,2,'2023-09-25'),(109,66,5,'2023-12-09'),(110,75,3,'2023-09-25'),(111,3,6,'2023-10-11'),(112,63,2,'2023-12-25'),(113,90,3,'2023-12-18'),(114,14,2,'2023-10-24'),(115,79,10,'2023-10-24'),(116,39,6,'2023-12-11'),(117,3,1,'2023-10-19'),(118,12,10,'2023-09-16'),(119,10,8,'2023-11-23'),(120,80,9,'2023-10-26'),(121,39,1,'2023-11-14'),(122,49,2,'2023-09-30'),(123,90,5,'2023-12-04'),(124,77,6,'2023-10-08'),(125,70,5,'2023-11-23'),(126,40,7,'2023-10-28'),(127,9,1,'2023-10-20'),(128,34,5,'2023-10-24'),(129,56,2,'2023-09-11'),(130,60,1,'2023-12-08'),(131,67,8,'2023-09-20'),(132,87,7,'2023-11-25'),(133,18,3,'2023-09-21'),(134,11,9,'2023-10-28'),(135,74,8,'2023-11-17'),(136,69,9,'2023-10-16'),(137,93,7,'2023-12-09'),(138,61,6,'2023-09-30'),(139,13,4,'2023-11-24'),(140,91,5,'2023-09-26'),(141,94,4,'2023-09-20'),(142,7,2,'2023-12-30'),(143,85,10,'2023-09-15'),(144,100,9,'2023-12-30'),(145,13,4,'2023-12-13'),(146,69,4,'2023-12-19'),(147,22,8,'2023-11-20'),(148,51,9,'2023-11-19'),(149,39,5,'2023-11-12'),(150,21,7,'2023-09-08'),(151,62,8,'2023-09-19'),(152,61,6,'2023-09-20'),(153,53,4,'2023-10-23'),(154,37,4,'2023-12-24'),(155,29,3,'2023-10-21'),(156,55,2,'2023-11-20'),(157,46,2,'2023-10-13'),(158,42,2,'2023-10-19'),(159,33,9,'2024-01-01'),(160,95,10,'2023-12-26'),(161,51,3,'2023-11-18'),(162,64,10,'2023-11-20'),(163,75,1,'2023-09-28'),(164,44,10,'2023-12-22'),(165,85,2,'2023-11-12'),(166,63,4,'2023-10-01'),(167,66,7,'2023-10-06'),(168,17,8,'2023-10-12'),(169,17,9,'2023-10-03'),(170,50,6,'2023-11-30'),(171,17,4,'2023-12-28'),(172,18,10,'2023-10-23'),(173,9,10,'2023-12-11'),(174,10,10,'2023-11-14'),(175,50,1,'2023-09-24'),(176,77,10,'2023-10-26'),(177,19,1,'2023-10-05'),(178,38,4,'2023-11-22'),(179,59,9,'2023-10-09'),(180,70,5,'2023-09-19'),(181,94,3,'2023-12-30'),(182,2,7,'2023-10-04'),(183,19,3,'2023-11-02'),(184,22,9,'2023-11-30'),(185,9,6,'2023-12-04'),(186,58,4,'2023-10-17'),(187,32,3,'2023-11-27'),(188,84,5,'2023-09-27'),(189,93,8,'2023-10-17'),(190,49,8,'2023-09-09'),(191,71,9,'2023-10-10'),(192,95,8,'2023-11-20'),(193,84,2,'2023-09-22'),(194,64,7,'2023-12-07'),(195,44,7,'2023-10-01'),(196,70,10,'2023-10-13'),(197,28,5,'2023-12-29'),(198,6,7,'2023-12-22'),(199,82,2,'2023-10-03'),(200,53,4,'2023-10-27'),(201,42,7,'2023-09-16'),(202,39,1,'2023-12-26'),(203,95,10,'2023-10-22'),(204,70,5,'2023-11-04'),(205,17,10,'2023-12-17'),(206,39,2,'2023-12-03'),(207,76,8,'2023-09-25'),(208,59,4,'2023-09-16'),(209,95,6,'2023-10-19'),(210,58,8,'2023-12-07'),(211,33,1,'2023-11-30'),(212,66,2,'2023-11-27'),(213,6,4,'2023-11-08'),(214,18,3,'2023-12-03'),(215,20,8,'2023-12-09'),(216,15,8,'2023-10-21'),(217,95,9,'2023-11-24'),(218,24,1,'2023-10-25'),(219,38,9,'2023-09-14'),(220,90,4,'2023-11-24'),(221,1,3,'2023-09-21'),(222,89,10,'2023-09-11'),(223,62,1,'2023-09-24'),(224,92,5,'2023-12-30'),(225,93,5,'2023-09-12'),(226,52,9,'2023-11-25'),(227,50,3,'2023-12-06'),(228,1,7,'2023-12-20'),(229,79,6,'2023-10-07'),(230,93,4,'2023-12-06'),(231,51,8,'2023-12-12'),(232,79,2,'2023-12-04'),(233,41,1,'2023-10-28'),(234,56,3,'2023-11-27'),(235,13,5,'2023-11-18'),(236,55,1,'2023-10-19'),(237,54,3,'2023-12-29'),(238,24,1,'2023-11-01'),(239,38,2,'2023-09-21'),(240,68,5,'2023-12-07'),(241,26,9,'2023-09-29'),(242,40,1,'2023-12-12'),(243,50,9,'2023-12-15'),(244,94,8,'2023-11-30'),(245,46,1,'2023-12-06'),(246,19,1,'2023-12-07'),(247,51,5,'2023-11-27'),(248,95,4,'2023-11-01'),(249,76,7,'2023-10-26'),(250,86,5,'2023-09-20'),(251,55,4,'2023-12-24'),(252,44,6,'2023-12-14'),(253,88,10,'2023-11-12'),(254,90,4,'2023-09-22'),(255,72,1,'2023-09-08'),(256,57,5,'2023-09-29'),(257,4,9,'2023-11-10'),(258,34,7,'2023-10-23'),(259,40,1,'2023-10-16'),(260,4,1,'2023-09-26'),(261,78,6,'2023-11-12'),(262,65,9,'2023-12-22'),(263,69,5,'2023-10-21'),(264,52,5,'2023-10-01'),(265,33,5,'2023-09-24'),(266,91,8,'2023-11-13'),(267,99,5,'2023-10-27'),(268,59,3,'2023-09-22'),(269,75,3,'2023-10-15'),(270,77,5,'2023-11-29'),(271,23,9,'2023-12-26'),(272,30,4,'2023-10-06'),(273,2,2,'2023-12-19'),(274,5,4,'2023-09-13'),(275,17,3,'2023-12-14'),(276,60,6,'2023-09-27'),(277,20,1,'2023-10-11'),(278,88,6,'2023-10-31'),(279,23,10,'2023-12-23'),(280,65,6,'2023-12-22'),(281,3,10,'2023-12-05'),(282,92,2,'2023-09-24'),(283,88,10,'2023-11-04'),(284,35,1,'2023-10-17'),(285,78,6,'2023-12-26'),(286,67,2,'2023-12-31'),(287,97,8,'2023-11-21'),(288,33,2,'2023-10-13'),(289,31,10,'2023-10-19'),(290,66,7,'2023-12-13'),(291,67,5,'2023-11-15'),(292,37,2,'2023-12-13'),(293,58,9,'2023-11-05'),(294,80,8,'2023-10-10'),(295,26,9,'2023-12-30'),(296,100,8,'2023-10-12'),(297,15,4,'2023-10-25'),(298,88,9,'2023-10-25'),(299,43,8,'2023-11-22'),(300,90,5,'2023-11-06'),(301,22,10,'2023-11-12'),(302,26,2,'2023-11-12'),(303,14,10,'2023-11-30'),(304,4,6,'2023-12-29'),(305,98,9,'2023-10-12'),(306,36,2,'2023-09-08'),(307,76,10,'2023-10-27'),(308,56,4,'2023-11-09'),(309,95,5,'2023-09-08'),(310,54,10,'2023-11-27'),(311,58,9,'2023-11-05'),(312,12,3,'2023-12-27'),(313,61,4,'2023-09-30'),(314,13,6,'2023-09-25'),(315,85,7,'2023-12-19'),(316,87,6,'2023-09-23'),(317,58,1,'2023-12-10'),(318,91,5,'2023-12-23'),(319,64,4,'2023-09-25'),(320,5,1,'2023-11-13'),(321,45,9,'2023-12-15'),(322,70,3,'2023-11-02'),(323,60,7,'2023-09-16'),(324,79,1,'2023-10-16'),(325,23,10,'2023-12-11'),(326,32,9,'2023-10-06'),(327,97,7,'2023-11-29'),(328,26,6,'2023-10-08'),(329,59,9,'2023-11-07'),(330,10,1,'2023-12-20'),(331,60,7,'2023-12-29'),(332,14,7,'2023-12-22'),(333,65,10,'2023-09-22'),(334,13,9,'2023-10-29'),(335,78,7,'2023-10-22'),(336,45,3,'2023-10-08'),(337,4,2,'2023-12-23'),(338,57,2,'2023-09-27'),(339,31,5,'2023-10-01'),(340,87,1,'2023-12-11'),(341,69,7,'2023-11-12'),(342,94,6,'2023-11-16'),(343,24,4,'2023-10-15'),(344,82,7,'2023-12-21'),(345,48,6,'2023-10-19'),(346,93,7,'2023-09-29'),(347,59,6,'2023-09-16'),(348,16,2,'2023-10-23'),(349,37,6,'2023-10-20'),(350,54,2,'2023-11-18'),(351,63,1,'2023-10-07'),(352,79,1,'2023-11-08'),(353,85,1,'2023-10-01'),(354,35,6,'2023-10-29'),(355,92,5,'2023-11-03'),(356,10,1,'2023-12-28'),(357,80,1,'2023-09-10'),(358,31,1,'2023-09-30'),(359,40,10,'2023-10-15'),(360,19,1,'2023-09-26'),(361,5,5,'2023-11-23'),(362,27,9,'2023-12-19'),(363,83,7,'2023-10-23'),(364,96,6,'2023-11-30'),(365,46,8,'2023-09-24'),(366,73,8,'2023-11-16'),(367,51,5,'2023-09-20'),(368,31,4,'2023-11-14'),(369,62,1,'2023-09-17'),(370,35,6,'2023-12-25'),(371,84,1,'2023-10-16'),(372,17,9,'2023-09-22'),(373,65,5,'2023-12-07'),(374,44,3,'2023-12-20'),(375,79,6,'2023-12-18'),(376,60,4,'2023-12-08'),(377,55,6,'2023-10-14'),(378,2,3,'2023-12-11'),(379,59,1,'2023-10-09'),(380,67,7,'2023-09-22'),(381,79,9,'2023-12-17'),(382,65,3,'2023-09-20'),(383,9,3,'2023-09-14'),(384,42,8,'2023-10-05'),(385,71,4,'2023-11-19'),(386,8,8,'2023-12-02'),(387,29,3,'2023-11-18'),(388,11,1,'2023-11-07'),(389,11,6,'2023-12-27'),(390,65,6,'2023-09-22'),(391,62,6,'2023-10-16'),(392,58,3,'2023-11-04'),(393,83,2,'2023-11-17'),(394,39,7,'2023-09-29'),(395,88,3,'2023-11-19'),(396,21,2,'2023-10-04'),(397,72,6,'2023-09-23'),(398,100,6,'2023-10-28'),(399,63,9,'2023-12-29'),(400,8,5,'2023-10-13'),(401,25,2,'2023-11-10'),(402,95,4,'2023-10-07'),(403,83,9,'2023-11-28'),(404,21,9,'2023-12-28'),(405,49,2,'2023-12-13'),(406,42,1,'2023-09-30'),(407,36,4,'2023-11-21'),(408,98,8,'2023-12-25'),(409,33,10,'2023-09-11'),(410,90,10,'2023-10-29'),(411,57,9,'2023-12-15'),(412,91,7,'2023-11-17'),(413,12,5,'2023-10-07'),(414,68,4,'2023-12-26'),(415,27,2,'2023-10-16'),(416,44,4,'2023-12-31'),(417,52,5,'2023-11-25'),(418,96,10,'2023-09-12'),(419,73,4,'2023-12-02'),(420,56,5,'2023-12-20'),(421,66,10,'2023-12-11'),(422,11,8,'2023-09-07'),(423,39,9,'2023-12-12'),(424,44,9,'2023-12-23'),(425,71,4,'2023-09-18'),(426,9,5,'2023-11-26'),(427,37,5,'2023-09-15'),(428,51,6,'2023-09-22'),(429,5,2,'2023-12-21'),(430,86,5,'2023-12-13'),(431,74,5,'2023-12-11'),(432,17,8,'2023-10-10'),(433,39,3,'2023-11-02'),(434,53,10,'2023-10-06'),(435,6,1,'2023-10-13'),(436,26,7,'2023-09-15'),(437,31,6,'2023-12-15'),(438,63,5,'2023-11-10'),(439,26,2,'2023-09-08'),(440,28,8,'2023-12-23'),(441,30,5,'2023-12-27'),(442,46,4,'2023-12-30'),(443,84,6,'2023-10-02'),(444,90,1,'2023-12-28'),(445,45,3,'2023-11-03'),(446,56,10,'2023-10-30'),(447,85,1,'2023-12-04'),(448,63,7,'2023-12-24'),(449,75,1,'2023-12-28'),(450,99,10,'2023-10-08'),(451,22,1,'2023-09-10'),(452,11,9,'2023-11-26'),(453,58,5,'2023-10-31'),(454,74,5,'2023-11-09'),(455,75,6,'2023-12-08'),(456,17,1,'2023-09-10'),(457,51,6,'2023-10-10'),(458,13,2,'2023-12-26'),(459,35,9,'2023-10-26'),(460,22,1,'2023-12-18'),(461,12,7,'2023-11-10'),(462,22,6,'2023-11-26'),(463,1,3,'2023-12-31'),(464,43,1,'2023-09-07'),(465,6,5,'2023-10-07'),(466,59,2,'2023-10-15'),(467,71,3,'2023-10-31'),(468,69,2,'2023-12-10'),(469,100,10,'2023-12-24'),(470,96,10,'2023-11-30'),(471,60,3,'2023-12-29'),(472,32,6,'2023-10-10'),(473,17,2,'2023-10-12'),(474,26,9,'2023-10-08'),(475,62,9,'2023-12-11'),(476,16,1,'2023-09-26'),(477,50,8,'2023-10-29'),(478,40,4,'2023-09-21'),(479,53,7,'2023-09-20'),(480,43,9,'2023-11-08'),(481,3,1,'2023-09-14'),(482,99,6,'2023-12-21'),(483,71,9,'2023-11-03'),(484,11,4,'2023-11-12'),(485,16,6,'2023-10-30'),(486,38,9,'2023-12-24'),(487,43,1,'2023-10-07'),(488,66,5,'2023-12-09'),(489,60,4,'2023-12-08'),(490,95,6,'2023-11-27'),(491,96,1,'2023-10-04'),(492,48,8,'2023-10-26'),(493,59,8,'2023-09-16'),(494,16,7,'2023-10-17'),(495,67,9,'2023-09-19'),(496,10,7,'2023-10-14'),(497,19,10,'2023-09-28'),(498,79,5,'2023-11-28'),(499,59,5,'2023-11-03'),(500,91,5,'2023-10-20'),(501,91,1,'2023-12-16'),(502,70,6,'2023-12-29'),(503,94,6,'2023-11-28'),(504,3,4,'2023-12-19'),(505,72,10,'2023-12-12'),(506,17,5,'2023-11-18'),(507,36,6,'2023-12-29'),(508,29,2,'2023-12-20'),(509,78,1,'2023-11-28'),(510,90,9,'2023-12-27'),(511,11,1,'2023-12-01'),(512,41,10,'2023-11-13'),(513,64,1,'2023-09-06'),(514,16,10,'2023-10-28'),(515,98,9,'2023-10-18'),(516,78,2,'2023-11-21'),(517,21,3,'2023-12-06'),(518,44,7,'2024-01-01'),(519,98,4,'2023-09-12'),(520,35,8,'2023-10-30'),(521,91,9,'2023-11-01'),(522,72,10,'2023-09-13'),(523,53,5,'2023-10-13'),(524,58,8,'2023-10-06'),(525,19,10,'2023-09-22'),(526,9,9,'2023-09-21'),(527,80,2,'2023-11-15'),(528,78,1,'2023-11-22'),(529,86,3,'2023-12-21'),(530,93,5,'2023-10-25'),(531,30,6,'2023-11-10'),(532,16,4,'2023-10-19'),(533,90,6,'2023-11-02'),(534,19,4,'2023-11-02'),(535,51,7,'2023-11-16'),(536,80,6,'2023-11-09'),(537,82,4,'2023-09-16'),(538,64,4,'2023-12-28'),(539,34,1,'2023-10-05'),(540,56,8,'2023-12-02'),(541,29,8,'2023-09-06'),(542,82,7,'2023-10-20'),(543,60,10,'2023-11-07'),(544,69,8,'2023-12-01'),(545,24,1,'2023-10-18'),(546,48,3,'2023-09-07'),(547,80,10,'2023-11-06'),(548,44,8,'2023-12-03'),(549,31,4,'2023-10-01'),(550,10,2,'2023-12-09'),(551,91,6,'2023-12-07'),(552,85,3,'2023-12-07'),(553,69,8,'2023-10-10'),(554,51,2,'2023-10-15'),(555,41,1,'2023-09-23'),(556,88,7,'2023-11-29'),(557,30,5,'2023-11-02'),(558,38,5,'2023-10-08'),(559,14,5,'2023-09-11'),(560,54,2,'2023-10-21'),(561,77,8,'2023-11-19'),(562,40,2,'2023-11-04'),(563,48,7,'2023-11-11'),(564,28,10,'2023-10-17'),(565,37,9,'2023-10-27'),(566,91,4,'2023-11-08'),(567,62,10,'2023-10-01'),(568,72,5,'2023-09-23'),(569,53,7,'2023-10-15'),(570,73,8,'2023-12-31'),(571,13,3,'2023-10-16'),(572,72,6,'2023-11-29'),(573,92,1,'2023-10-31'),(574,48,1,'2023-09-20'),(575,39,3,'2023-12-03'),(576,19,7,'2023-12-26'),(577,70,1,'2023-10-13'),(578,100,7,'2023-09-11'),(579,58,8,'2023-12-29'),(580,95,6,'2023-10-11'),(581,100,9,'2023-10-02'),(582,13,9,'2023-10-13'),(583,66,4,'2023-12-28'),(584,49,5,'2023-11-04'),(585,39,9,'2023-10-30'),(586,13,9,'2023-12-12'),(587,76,4,'2023-12-20'),(588,77,10,'2023-12-03'),(589,41,7,'2023-12-26'),(590,7,5,'2023-12-20'),(591,65,1,'2023-11-22'),(592,37,10,'2023-12-26'),(593,18,9,'2023-09-19'),(594,6,5,'2023-11-18'),(595,2,9,'2023-10-09'),(596,64,2,'2023-11-23'),(597,9,2,'2023-09-22'),(598,21,3,'2023-09-21'),(599,98,6,'2023-09-16'),(600,21,6,'2023-11-06'),(601,58,6,'2023-12-04'),(602,52,1,'2023-10-07'),(603,27,8,'2023-09-29'),(604,34,10,'2023-11-25'),(605,22,7,'2023-12-05'),(606,92,1,'2023-09-22'),(607,30,3,'2023-11-19'),(608,47,2,'2023-11-07'),(609,35,1,'2023-12-01'),(610,19,4,'2023-09-13'),(611,68,1,'2023-10-20'),(612,79,1,'2023-12-24'),(613,83,9,'2023-09-28'),(614,55,8,'2023-11-20'),(615,81,7,'2023-11-19'),(616,41,1,'2023-12-28'),(617,25,6,'2023-09-10'),(618,54,5,'2023-11-16'),(619,7,10,'2023-09-08'),(620,22,8,'2023-11-27'),(621,81,6,'2023-11-08'),(622,84,10,'2023-12-26'),(623,46,3,'2023-09-26'),(624,49,3,'2023-11-06'),(625,50,5,'2023-12-01'),(626,95,10,'2023-10-19'),(627,53,3,'2023-12-05'),(628,75,4,'2023-12-06'),(629,52,7,'2023-12-13'),(630,31,9,'2023-10-11'),(631,22,1,'2023-10-21'),(632,97,5,'2024-01-01'),(633,23,9,'2023-09-18'),(634,5,9,'2023-11-24'),(635,3,10,'2023-11-28'),(636,10,9,'2023-10-17'),(637,77,2,'2023-12-03'),(638,74,4,'2023-11-28'),(639,72,4,'2023-11-21'),(640,27,7,'2023-10-22'),(641,29,8,'2023-11-13'),(642,25,5,'2023-12-18'),(643,1,3,'2023-09-24'),(644,65,1,'2023-10-10'),(645,24,10,'2023-10-04'),(646,83,4,'2023-12-17'),(647,43,6,'2023-10-12'),(648,58,2,'2023-10-23'),(649,7,3,'2023-10-29'),(650,11,7,'2023-12-16'),(651,17,5,'2023-10-07'),(652,38,5,'2023-11-26'),(653,8,2,'2023-09-22'),(654,30,8,'2023-12-28'),(655,3,3,'2023-09-24'),(656,98,8,'2023-11-25'),(657,45,10,'2023-12-29'),(658,91,7,'2023-12-01'),(659,49,10,'2023-09-24'),(660,95,7,'2023-10-27'),(661,86,7,'2023-11-01'),(662,27,9,'2023-10-30'),(663,22,3,'2023-11-30'),(664,53,1,'2023-10-18'),(665,53,5,'2023-09-11'),(666,39,4,'2023-12-31'),(667,3,7,'2023-10-17'),(668,54,2,'2023-09-17'),(669,87,10,'2023-12-22'),(670,95,4,'2023-11-30'),(671,81,1,'2023-12-07'),(672,90,3,'2023-10-10'),(673,13,4,'2023-09-27'),(674,55,8,'2023-09-08'),(675,48,4,'2023-10-17'),(676,8,8,'2023-11-29'),(677,88,3,'2023-09-23'),(678,26,6,'2023-12-08'),(679,54,6,'2023-09-27'),(680,61,4,'2023-12-21'),(681,74,1,'2023-10-13'),(682,45,6,'2023-11-29'),(683,84,2,'2023-09-15'),(684,59,9,'2023-09-07'),(685,11,2,'2023-12-05'),(686,57,1,'2023-12-16'),(687,76,3,'2023-12-06'),(688,21,10,'2023-12-24'),(689,21,10,'2023-11-07'),(690,4,6,'2023-12-03'),(691,29,3,'2023-12-09'),(692,47,7,'2023-12-06'),(693,93,6,'2023-12-23'),(694,50,3,'2023-11-20'),(695,90,2,'2023-10-30'),(696,42,8,'2023-10-03'),(697,74,4,'2023-12-03'),(698,39,4,'2023-12-29'),(699,98,4,'2023-11-29'),(700,62,10,'2023-09-20'),(701,86,3,'2023-10-11'),(702,84,8,'2023-09-28'),(703,88,8,'2023-12-20'),(704,27,5,'2023-12-19'),(705,73,6,'2023-11-03'),(706,88,4,'2023-10-23'),(707,45,5,'2023-09-10'),(708,27,1,'2023-12-29'),(709,86,2,'2023-10-12'),(710,31,8,'2023-10-07'),(711,6,4,'2023-12-13'),(712,29,3,'2023-12-21'),(713,97,6,'2023-12-20'),(714,9,4,'2023-12-04'),(715,46,8,'2023-11-16'),(716,38,7,'2023-11-13'),(717,64,6,'2023-09-19'),(718,75,8,'2023-11-21'),(719,50,4,'2023-12-13'),(720,2,3,'2023-10-10'),(721,58,9,'2023-11-29'),(722,6,5,'2023-09-15'),(723,75,1,'2023-12-25'),(724,91,9,'2023-12-31'),(725,73,1,'2023-09-16'),(726,21,6,'2023-10-09'),(727,62,6,'2023-09-22'),(728,60,2,'2023-11-16'),(729,64,8,'2023-09-29'),(730,55,10,'2023-10-02'),(731,93,2,'2023-10-31'),(732,81,4,'2023-10-14'),(733,49,3,'2023-12-20'),(734,4,5,'2023-10-01'),(735,37,6,'2023-10-10'),(736,31,8,'2023-11-30'),(737,7,3,'2023-10-15'),(738,93,6,'2023-10-16'),(739,39,6,'2023-12-23'),(740,68,5,'2023-11-28'),(741,64,1,'2023-10-01'),(742,87,9,'2023-09-22'),(743,45,5,'2023-11-22'),(744,79,8,'2023-09-16'),(745,62,5,'2023-11-22'),(746,17,5,'2023-10-09'),(747,53,2,'2023-12-11'),(748,52,10,'2023-09-27'),(749,59,1,'2023-10-09'),(750,78,5,'2023-12-09'),(751,82,1,'2023-12-11'),(752,72,1,'2023-10-29'),(753,64,1,'2023-11-25'),(754,75,7,'2023-12-08'),(755,75,9,'2023-12-15'),(756,34,6,'2023-09-18'),(757,66,8,'2023-12-12'),(758,16,4,'2023-12-19'),(759,7,2,'2023-12-30'),(760,30,3,'2023-10-04'),(761,60,9,'2023-11-30'),(762,11,3,'2023-11-19'),(763,44,9,'2023-10-01'),(764,98,3,'2023-10-21'),(765,37,9,'2023-09-21'),(766,44,2,'2023-11-08'),(767,89,9,'2023-09-27'),(768,64,2,'2023-12-30'),(769,59,9,'2023-09-08'),(770,40,5,'2023-11-13'),(771,57,5,'2023-10-26'),(772,95,3,'2023-09-07'),(773,68,10,'2023-09-22'),(774,34,5,'2023-12-02'),(775,3,8,'2023-10-23'),(776,73,1,'2023-09-19'),(777,33,9,'2023-10-12'),(778,61,1,'2023-10-06'),(779,35,4,'2023-10-01'),(780,47,7,'2023-10-01'),(781,95,1,'2023-10-04'),(782,93,1,'2023-10-17'),(783,11,7,'2023-11-06'),(784,85,8,'2023-10-31'),(785,82,9,'2023-11-05'),(786,63,2,'2023-12-05'),(787,40,2,'2023-12-14'),(788,44,3,'2023-09-12'),(789,29,10,'2023-11-09'),(790,19,6,'2023-11-17'),(791,78,10,'2023-10-13'),(792,86,1,'2023-10-23'),(793,19,8,'2023-11-24'),(794,24,2,'2023-12-28'),(795,78,5,'2023-11-05'),(796,51,7,'2023-12-13'),(797,34,5,'2023-11-21'),(798,51,7,'2023-11-25'),(799,12,6,'2023-12-04'),(800,65,8,'2023-09-26'),(801,16,10,'2023-11-22'),(802,42,2,'2023-09-14'),(803,23,8,'2023-10-31'),(804,3,4,'2023-12-19'),(805,17,1,'2023-09-18'),(806,22,4,'2023-12-09'),(807,67,8,'2023-10-24'),(808,81,8,'2023-12-16'),(809,21,2,'2023-10-11'),(810,41,9,'2023-11-05'),(811,59,3,'2023-12-29'),(812,33,7,'2023-11-29'),(813,54,9,'2023-11-13'),(814,69,3,'2023-12-22'),(815,23,6,'2023-12-12'),(816,13,9,'2023-11-14'),(817,64,4,'2023-12-28'),(818,6,5,'2023-11-16'),(819,70,1,'2023-11-29'),(820,39,6,'2023-10-17'),(821,70,7,'2023-09-10'),(822,2,7,'2023-10-04'),(823,27,10,'2023-12-20'),(824,11,7,'2023-09-29'),(825,40,7,'2023-11-14'),(826,64,6,'2023-11-02'),(827,30,9,'2023-11-18'),(828,23,3,'2023-09-26'),(829,53,3,'2023-10-31'),(830,62,6,'2023-10-08'),(831,49,6,'2023-12-19'),(832,38,10,'2023-10-17'),(833,39,9,'2023-12-07'),(834,41,8,'2023-12-20'),(835,1,4,'2023-10-02'),(836,24,8,'2023-11-08'),(837,67,5,'2023-12-22'),(838,78,6,'2023-09-09'),(839,22,10,'2023-11-04'),(840,37,5,'2023-12-27'),(841,45,1,'2023-11-07'),(842,14,8,'2023-12-19'),(843,45,3,'2023-10-26'),(844,24,2,'2023-09-16'),(845,56,9,'2023-10-16'),(846,47,5,'2023-10-07'),(847,18,9,'2023-09-08'),(848,13,7,'2023-12-15'),(849,61,3,'2023-12-03'),(850,15,1,'2023-11-22'),(851,47,1,'2023-09-24'),(852,24,6,'2023-09-17'),(853,21,4,'2023-10-16'),(854,11,4,'2023-10-28'),(855,46,3,'2023-11-12'),(856,91,8,'2023-10-10'),(857,26,9,'2023-09-11'),(858,26,8,'2023-12-23'),(859,89,1,'2023-09-26'),(860,50,1,'2023-12-24'),(861,19,1,'2023-10-23'),(862,51,10,'2023-09-08'),(863,84,10,'2023-11-01'),(864,46,1,'2023-12-31'),(865,47,1,'2023-11-04'),(866,60,10,'2023-12-29'),(867,43,4,'2023-12-20'),(868,68,5,'2023-09-15'),(869,34,4,'2023-12-28'),(870,99,10,'2023-10-02'),(871,8,9,'2023-09-18'),(872,27,9,'2023-09-19'),(873,88,8,'2023-09-08'),(874,1,2,'2023-10-03'),(875,36,2,'2023-11-14'),(876,63,4,'2023-12-14'),(877,66,10,'2023-09-23'),(878,36,2,'2023-11-09'),(879,19,9,'2023-10-09'),(880,64,10,'2023-09-15'),(881,91,6,'2023-09-18'),(882,62,5,'2023-10-02'),(883,15,1,'2023-11-14'),(884,38,5,'2023-11-16'),(885,81,7,'2023-09-11'),(886,21,5,'2023-10-08'),(887,62,10,'2023-09-21'),(888,87,7,'2023-12-02'),(889,24,9,'2023-11-18'),(890,73,5,'2023-10-10'),(891,55,3,'2023-10-10'),(892,85,8,'2023-11-25'),(893,92,6,'2023-11-24'),(894,27,6,'2023-10-21'),(895,78,7,'2023-12-04'),(896,47,3,'2023-11-14'),(897,12,10,'2023-09-30'),(898,95,6,'2023-10-07'),(899,98,6,'2023-12-13'),(900,71,5,'2023-09-08'),(901,29,7,'2023-10-31'),(902,67,7,'2023-11-14'),(903,86,8,'2023-11-05'),(904,87,10,'2023-11-11'),(905,4,6,'2023-10-19'),(906,36,8,'2023-11-09'),(907,98,9,'2023-12-11'),(908,71,5,'2023-12-12'),(909,48,1,'2023-11-27'),(910,56,9,'2023-09-25'),(911,73,2,'2023-10-19'),(912,53,8,'2023-11-05'),(913,57,9,'2023-12-15'),(914,6,7,'2023-11-21'),(915,57,10,'2023-11-15'),(916,77,9,'2023-10-07'),(917,29,10,'2023-12-31'),(918,48,3,'2023-11-01'),(919,80,8,'2023-12-31'),(920,26,8,'2023-11-23'),(921,32,9,'2023-11-29'),(922,68,2,'2023-09-08'),(923,27,5,'2023-11-11'),(924,39,4,'2023-11-08'),(925,18,5,'2023-12-16'),(926,88,4,'2023-11-01'),(927,5,5,'2023-10-08'),(928,45,2,'2023-11-16'),(929,45,4,'2023-11-28'),(930,66,7,'2023-11-08'),(931,43,7,'2023-10-20'),(932,60,4,'2023-10-04'),(933,80,4,'2023-12-31'),(934,22,8,'2023-12-05'),(935,19,5,'2023-09-18'),(936,72,4,'2023-11-25'),(937,9,9,'2023-12-02'),(938,94,6,'2023-12-10'),(939,86,6,'2023-12-27'),(940,70,3,'2023-11-29'),(941,52,7,'2023-10-25'),(942,79,6,'2023-10-07'),(943,25,7,'2023-10-15'),(944,5,8,'2023-12-23'),(945,97,6,'2023-11-01'),(946,55,5,'2023-09-06'),(947,33,6,'2023-10-14'),(948,92,4,'2023-12-20'),(949,63,4,'2023-10-03'),(950,51,2,'2023-10-19'),(951,7,3,'2023-11-01'),(952,69,9,'2023-11-17'),(953,38,1,'2023-09-13'),(954,88,8,'2023-12-31'),(955,88,1,'2023-09-20'),(956,48,8,'2023-12-26'),(957,33,6,'2023-11-17'),(958,39,5,'2023-11-16'),(959,78,8,'2023-11-10'),(960,82,10,'2024-01-01'),(961,90,8,'2023-12-06'),(962,63,2,'2023-09-26'),(963,10,4,'2023-11-10'),(964,70,7,'2023-10-31'),(965,51,1,'2023-10-10'),(966,90,5,'2023-12-05'),(967,50,7,'2023-11-29'),(968,82,1,'2023-09-25'),(969,22,8,'2023-09-13'),(970,26,1,'2023-10-03'),(971,62,6,'2023-10-12'),(972,31,5,'2023-11-16'),(973,94,8,'2023-12-13'),(974,91,5,'2023-12-23'),(975,70,8,'2023-12-14'),(976,89,2,'2023-09-30'),(977,16,2,'2023-10-03'),(978,96,1,'2023-09-30'),(979,72,10,'2023-11-22'),(980,92,6,'2023-12-21'),(981,84,5,'2023-12-10'),(982,61,4,'2023-09-23'),(983,91,3,'2023-09-14'),(984,72,1,'2023-11-09'),(985,37,10,'2023-09-29'),(986,30,9,'2023-10-06'),(987,78,4,'2023-11-14'),(988,94,8,'2023-11-11'),(989,71,5,'2023-11-07'),(990,88,4,'2023-11-25'),(991,66,2,'2023-10-08'),(992,59,3,'2023-11-05'),(993,71,5,'2023-11-14'),(994,96,3,'2023-09-20'),(995,2,6,'2023-11-27'),(996,93,5,'2023-10-19'),(997,36,10,'2023-10-14'),(998,7,1,'2023-12-07'),(999,36,6,'2023-09-09'),(1000,44,4,'2023-10-11'),(1001,20,6,'2023-12-21'),(1002,54,9,'2023-11-20'),(1003,11,6,'2023-09-21'),(1004,38,3,'2023-09-17'),(1005,33,7,'2023-11-04'),(1006,76,3,'2023-11-08'),(1007,76,10,'2023-11-18'),(1008,96,2,'2023-09-27'),(1009,64,9,'2023-10-08'),(1010,37,3,'2023-10-02'),(1011,71,8,'2023-12-19'),(1012,88,1,'2023-12-18'),(1013,10,2,'2023-09-25'),(1014,57,3,'2023-11-16'),(1015,92,8,'2023-11-17'),(1016,87,1,'2023-10-07'),(1017,74,9,'2023-09-26'),(1018,83,7,'2023-09-28'),(1019,85,7,'2023-12-04'),(1020,63,8,'2023-11-27'),(1021,99,2,'2023-09-08'),(1022,16,3,'2023-09-24'),(1023,35,4,'2023-11-27'),(1024,67,6,'2023-11-25'),(1025,95,2,'2023-12-13'),(1026,52,9,'2023-11-27'),(1027,44,3,'2023-11-27'),(1028,41,6,'2023-12-14'),(1029,81,4,'2023-12-31'),(1030,79,9,'2023-11-26'),(1031,46,10,'2023-10-13'),(1032,55,1,'2023-09-22'),(1033,81,1,'2023-10-21'),(1034,56,5,'2023-09-11'),(1035,14,7,'2023-12-31'),(1036,38,5,'2023-09-16'),(1037,24,9,'2023-11-29'),(1038,10,10,'2023-09-12'),(1039,34,2,'2023-09-11'),(1040,53,2,'2023-10-16'),(1041,11,1,'2023-10-25'),(1042,69,6,'2023-11-12'),(1043,33,5,'2023-11-24'),(1044,38,5,'2023-12-06'),(1045,37,10,'2023-12-19'),(1046,78,3,'2023-11-19'),(1047,38,7,'2023-09-13'),(1048,8,6,'2023-09-17'),(1049,37,1,'2023-12-11'),(1050,74,4,'2023-09-28'),(1051,66,7,'2023-12-29'),(1052,16,4,'2023-11-12'),(1053,16,3,'2023-11-22'),(1054,95,1,'2023-12-25'),(1055,83,2,'2023-09-17'),(1056,70,4,'2023-12-01'),(1057,83,3,'2023-10-31'),(1058,50,2,'2023-12-07'),(1059,80,4,'2023-12-26'),(1060,63,3,'2023-11-16'),(1061,100,10,'2023-12-03'),(1062,79,5,'2023-12-30'),(1063,51,4,'2023-11-29'),(1064,5,1,'2023-12-01'),(1065,68,6,'2023-12-02'),(1066,38,2,'2023-12-17'),(1067,41,3,'2023-12-13'),(1068,97,5,'2023-11-03'),(1069,45,1,'2023-12-23'),(1070,35,9,'2023-10-15'),(1071,10,8,'2023-10-13'),(1072,40,2,'2023-09-12'),(1073,81,9,'2023-12-22'),(1074,86,2,'2023-12-04'),(1075,79,5,'2023-10-31'),(1076,91,10,'2023-10-07'),(1077,30,3,'2023-12-25'),(1078,91,10,'2023-09-27'),(1079,79,10,'2023-11-13'),(1080,15,10,'2023-11-27'),(1081,48,6,'2023-11-21'),(1082,62,3,'2023-10-23'),(1083,24,3,'2023-11-14'),(1084,100,4,'2023-11-13'),(1085,31,1,'2023-11-24'),(1086,56,1,'2023-12-19'),(1087,43,5,'2023-10-31'),(1088,51,7,'2023-09-20'),(1089,31,10,'2023-11-16'),(1090,1,9,'2023-11-15'),(1091,68,4,'2023-12-02'),(1092,71,5,'2023-12-17'),(1093,30,10,'2023-10-19'),(1094,59,9,'2023-09-30'),(1095,79,3,'2023-09-12'),(1096,75,7,'2023-10-04'),(1097,90,9,'2023-09-12'),(1098,70,1,'2023-10-16'),(1099,69,6,'2023-12-24'),(1100,61,6,'2023-12-11'),(1101,44,8,'2023-10-20'),(1102,96,6,'2023-10-25'),(1103,67,1,'2023-12-24'),(1104,10,5,'2023-11-07'),(1105,84,2,'2023-12-07'),(1106,49,8,'2023-10-29'),(1107,3,9,'2023-12-08'),(1108,12,8,'2023-10-29'),(1109,89,7,'2023-11-03'),(1110,86,9,'2023-12-17'),(1111,3,4,'2023-11-02'),(1112,28,5,'2023-12-22'),(1113,11,9,'2023-12-21'),(1114,83,4,'2023-11-23'),(1115,81,8,'2023-11-24'),(1116,30,8,'2023-09-20'),(1117,9,6,'2023-10-15'),(1118,39,9,'2023-12-17'),(1119,79,3,'2023-11-21'),(1120,78,8,'2023-09-30'),(1121,77,10,'2023-09-24'),(1122,98,3,'2023-10-22'),(1123,16,3,'2023-10-03'),(1124,41,2,'2023-10-28'),(1125,21,6,'2023-10-04'),(1126,28,9,'2023-12-18'),(1127,55,5,'2023-11-03'),(1128,85,8,'2023-11-18'),(1129,68,7,'2023-12-18'),(1130,88,5,'2023-11-05'),(1131,18,4,'2023-11-12'),(1132,63,4,'2023-09-19'),(1133,86,5,'2023-12-05'),(1134,83,1,'2023-09-22'),(1135,6,10,'2023-11-14'),(1136,89,7,'2023-09-18'),(1137,60,1,'2023-11-10'),(1138,99,8,'2024-01-01'),(1139,56,3,'2023-09-23'),(1140,50,4,'2023-12-10'),(1141,2,8,'2023-09-24'),(1142,86,3,'2023-10-09'),(1143,72,7,'2023-12-14'),(1144,79,2,'2023-11-03'),(1145,84,8,'2023-10-07'),(1146,35,4,'2023-10-07'),(1147,1,9,'2023-09-27'),(1148,81,4,'2023-12-27'),(1149,52,6,'2023-10-16'),(1150,3,6,'2023-12-16'),(1151,57,10,'2023-09-21'),(1152,10,2,'2023-11-26'),(1153,57,6,'2023-10-03'),(1154,70,2,'2023-09-30'),(1155,53,7,'2023-12-11'),(1156,20,10,'2023-10-08'),(1157,7,5,'2023-10-18'),(1158,5,7,'2023-09-12'),(1159,7,9,'2023-10-31'),(1160,80,4,'2023-10-14'),(1161,53,4,'2023-11-28'),(1162,27,7,'2023-11-11'),(1163,10,1,'2023-11-20'),(1164,76,3,'2023-12-18'),(1165,50,7,'2023-10-16'),(1166,60,10,'2024-01-01'),(1167,84,5,'2023-12-23'),(1168,20,9,'2023-09-17'),(1169,14,9,'2023-12-13'),(1170,74,6,'2023-12-23'),(1171,31,6,'2023-10-15'),(1172,18,10,'2023-11-24'),(1173,78,6,'2023-09-18'),(1174,3,2,'2023-11-19'),(1175,78,4,'2023-12-16'),(1176,16,8,'2023-10-30'),(1177,37,5,'2023-12-04'),(1178,36,7,'2023-12-30'),(1179,14,7,'2023-11-26'),(1180,15,8,'2023-10-10'),(1181,64,9,'2023-10-05'),(1182,66,4,'2023-10-04'),(1183,63,5,'2023-12-14'),(1184,71,2,'2023-11-09'),(1185,96,1,'2023-11-19'),(1186,19,8,'2023-10-03'),(1187,93,8,'2023-12-20'),(1188,10,3,'2023-11-30'),(1189,4,5,'2023-09-06'),(1190,58,10,'2023-10-14'),(1191,4,3,'2023-12-08'),(1192,90,5,'2023-12-09'),(1193,45,10,'2023-11-06'),(1194,49,3,'2023-11-03'),(1195,9,7,'2023-10-19'),(1196,10,5,'2023-10-01'),(1197,25,10,'2023-10-03'),(1198,14,7,'2023-11-28'),(1199,99,9,'2023-09-29'),(1200,48,8,'2023-12-14'),(1201,37,6,'2023-11-11'),(1202,3,9,'2023-12-12'),(1203,15,5,'2023-10-16'),(1204,31,7,'2023-11-10'),(1205,88,2,'2023-12-01'),(1206,51,9,'2023-12-30'),(1207,18,3,'2023-11-30'),(1208,87,7,'2023-11-28'),(1209,29,4,'2023-10-08'),(1210,50,1,'2023-10-02'),(1211,6,3,'2023-09-07'),(1212,62,1,'2023-11-19'),(1213,87,5,'2023-10-25'),(1214,13,7,'2023-10-06'),(1215,37,5,'2023-09-26'),(1216,18,5,'2023-11-26'),(1217,10,10,'2023-12-25'),(1218,22,3,'2023-10-14'),(1219,97,6,'2023-11-26'),(1220,81,2,'2023-10-05'),(1221,81,9,'2023-11-15'),(1222,35,6,'2023-11-02'),(1223,16,1,'2023-11-16'),(1224,17,9,'2023-10-22'),(1225,69,3,'2023-11-26'),(1226,38,8,'2023-12-03'),(1227,74,4,'2023-10-16'),(1228,86,8,'2023-09-25'),(1229,52,5,'2023-09-15'),(1230,87,8,'2023-11-05'),(1231,47,9,'2023-11-20'),(1232,44,10,'2023-09-30'),(1233,96,7,'2023-09-08'),(1234,80,5,'2023-10-01'),(1235,85,8,'2023-11-15'),(1236,87,8,'2023-10-04'),(1237,44,9,'2023-12-25'),(1238,43,8,'2023-11-03'),(1239,59,10,'2023-11-08'),(1240,15,2,'2023-10-13'),(1241,95,9,'2023-12-22'),(1242,97,2,'2023-10-31'),(1243,20,3,'2023-12-22'),(1244,39,1,'2023-11-22'),(1245,66,6,'2023-10-26'),(1246,43,4,'2024-01-01'),(1247,46,6,'2023-11-10'),(1248,48,2,'2023-10-19'),(1249,31,2,'2023-09-08'),(1250,17,6,'2023-11-02'),(1251,75,5,'2023-12-23'),(1252,48,4,'2023-12-27'),(1253,39,4,'2023-10-06'),(1254,94,1,'2023-09-22'),(1255,41,1,'2023-12-15'),(1256,98,8,'2023-11-01'),(1257,33,1,'2023-12-12'),(1258,5,9,'2023-10-19'),(1259,69,4,'2023-11-22'),(1260,74,9,'2023-10-12'),(1261,87,10,'2023-12-27'),(1262,12,4,'2023-09-20'),(1263,48,7,'2023-10-13'),(1264,6,5,'2023-11-06'),(1265,70,4,'2023-12-29'),(1266,29,9,'2023-12-09'),(1267,36,3,'2023-11-27'),(1268,8,9,'2023-10-27'),(1269,70,3,'2023-09-13'),(1270,51,1,'2023-12-08'),(1271,66,7,'2023-09-15'),(1272,6,6,'2023-12-27'),(1273,74,2,'2023-09-21'),(1274,5,4,'2023-09-28'),(1275,35,7,'2023-11-07'),(1276,76,10,'2023-10-05'),(1277,15,5,'2023-12-20'),(1278,37,10,'2023-09-16'),(1279,79,9,'2023-12-17'),(1280,74,5,'2023-11-15'),(1281,56,1,'2023-11-09'),(1282,33,9,'2023-12-30'),(1283,23,3,'2023-10-15'),(1284,48,2,'2023-11-05'),(1285,95,6,'2023-11-02'),(1286,56,3,'2023-11-21'),(1287,96,7,'2023-11-20'),(1288,56,9,'2023-09-23'),(1289,100,2,'2023-09-30'),(1290,18,9,'2023-11-13'),(1291,6,8,'2023-12-23'),(1292,70,2,'2023-09-24'),(1293,29,9,'2023-10-12'),(1294,14,6,'2023-09-20'),(1295,59,2,'2023-11-05'),(1296,36,2,'2023-11-07'),(1297,40,1,'2023-12-11'),(1298,91,6,'2023-12-21'),(1299,45,10,'2023-11-18'),(1300,17,7,'2023-10-03'),(1301,66,1,'2023-09-09'),(1302,39,4,'2023-12-04'),(1303,5,4,'2023-10-26'),(1304,68,9,'2023-12-22'),(1305,5,5,'2023-09-12'),(1306,28,4,'2023-11-16'),(1307,64,9,'2023-09-25'),(1308,89,2,'2023-10-30'),(1309,67,6,'2023-11-10'),(1310,67,3,'2023-11-23'),(1311,90,1,'2023-11-07'),(1312,81,7,'2023-10-17'),(1313,67,3,'2023-09-07'),(1314,12,7,'2023-09-09'),(1315,53,6,'2023-10-14'),(1316,89,2,'2023-12-20'),(1317,73,3,'2023-12-18'),(1318,93,6,'2023-09-13'),(1319,58,4,'2023-10-23'),(1320,19,3,'2023-12-11'),(1321,14,4,'2023-10-05'),(1322,61,3,'2023-10-04'),(1323,96,3,'2023-11-27'),(1324,50,7,'2023-10-06'),(1325,41,3,'2023-10-11'),(1326,78,8,'2023-12-25'),(1327,82,1,'2023-09-09'),(1328,59,9,'2023-10-04'),(1329,100,6,'2023-10-07'),(1330,64,3,'2023-12-16'),(1331,61,2,'2023-10-10'),(1332,24,3,'2023-11-21'),(1333,88,3,'2023-10-23'),(1334,8,8,'2023-12-03'),(1335,92,8,'2023-12-03'),(1336,70,6,'2023-09-07'),(1337,17,10,'2023-10-26'),(1338,96,7,'2023-10-17'),(1339,74,1,'2023-10-23'),(1340,39,9,'2023-09-25'),(1341,29,6,'2023-11-10'),(1342,76,9,'2023-11-13'),(1343,71,7,'2023-11-12'),(1344,27,6,'2023-11-03'),(1345,73,4,'2023-12-04'),(1346,14,3,'2023-09-20'),(1347,77,7,'2023-10-19'),(1348,81,10,'2023-12-23'),(1349,7,6,'2023-09-21'),(1350,64,7,'2023-12-20'),(1351,42,6,'2023-09-18'),(1352,68,2,'2023-12-14'),(1353,23,2,'2023-10-31'),(1354,58,6,'2023-11-21'),(1355,48,4,'2023-11-29'),(1356,13,8,'2023-11-06'),(1357,46,10,'2023-12-08'),(1358,61,3,'2023-10-05'),(1359,67,10,'2023-11-20'),(1360,37,5,'2023-09-20'),(1361,2,5,'2023-11-26'),(1362,76,2,'2023-11-30'),(1363,13,1,'2023-12-11'),(1364,70,4,'2023-12-25'),(1365,47,1,'2023-09-14'),(1366,78,2,'2023-11-04'),(1367,65,1,'2023-11-27'),(1368,59,7,'2023-09-13'),(1369,94,9,'2023-09-11'),(1370,66,4,'2023-12-20'),(1371,97,1,'2023-10-19'),(1372,40,8,'2023-12-12'),(1373,31,7,'2023-11-18'),(1374,97,1,'2023-10-12'),(1375,31,5,'2023-10-11'),(1376,6,7,'2023-10-30'),(1377,84,8,'2023-10-28'),(1378,79,2,'2023-10-23'),(1379,89,9,'2023-09-11'),(1380,65,10,'2023-09-24'),(1381,100,9,'2023-10-16'),(1382,100,8,'2023-11-28'),(1383,79,5,'2023-12-08'),(1384,33,8,'2023-11-14'),(1385,84,8,'2023-12-01'),(1386,87,1,'2023-11-09'),(1387,84,4,'2023-11-27'),(1388,80,5,'2023-09-16'),(1389,68,3,'2023-10-26'),(1390,63,2,'2023-09-14'),(1391,44,7,'2023-09-10'),(1392,12,4,'2023-12-22'),(1393,53,3,'2023-12-07'),(1394,45,6,'2023-12-17'),(1395,28,9,'2023-09-23'),(1396,2,4,'2023-11-23'),(1397,50,7,'2023-10-23'),(1398,21,1,'2023-11-02'),(1399,38,8,'2023-10-30'),(1400,24,10,'2023-11-24'),(1401,83,3,'2023-10-24'),(1402,51,10,'2023-11-07'),(1403,90,6,'2023-11-29'),(1404,54,5,'2023-09-28'),(1405,69,10,'2023-10-18'),(1406,93,4,'2023-10-31'),(1407,81,2,'2023-11-22'),(1408,54,8,'2023-09-17'),(1409,93,5,'2023-12-12'),(1410,96,8,'2023-11-20'),(1411,5,5,'2023-09-21'),(1412,4,7,'2023-12-27'),(1413,90,4,'2023-10-10'),(1414,58,1,'2023-09-30'),(1415,70,4,'2023-12-23'),(1416,80,3,'2023-09-20'),(1417,90,5,'2023-10-18'),(1418,12,1,'2023-10-07'),(1419,48,2,'2023-10-28'),(1420,97,10,'2023-11-26'),(1421,5,7,'2023-10-04'),(1422,93,9,'2023-12-25'),(1423,6,4,'2023-11-05'),(1424,1,9,'2023-09-28'),(1425,42,8,'2023-11-27'),(1426,69,2,'2023-09-26'),(1427,76,6,'2023-10-17'),(1428,83,1,'2023-10-16'),(1429,68,4,'2023-09-24'),(1430,84,7,'2023-12-28'),(1431,75,8,'2023-10-05'),(1432,35,9,'2023-09-15'),(1433,70,6,'2023-10-20'),(1434,62,5,'2023-12-26'),(1435,92,2,'2023-09-13'),(1436,71,7,'2023-10-25'),(1437,38,1,'2023-11-20'),(1438,7,5,'2023-10-18'),(1439,98,4,'2023-12-23'),(1440,62,9,'2023-10-04'),(1441,9,6,'2024-01-01'),(1442,18,9,'2023-12-20'),(1443,68,1,'2023-12-17'),(1444,15,3,'2023-10-09'),(1445,76,7,'2023-12-17'),(1446,70,6,'2023-10-12'),(1447,85,5,'2023-10-31'),(1448,6,1,'2023-09-16'),(1449,63,5,'2023-12-12'),(1450,26,8,'2023-10-23'),(1451,44,8,'2023-12-06'),(1452,24,7,'2023-11-01'),(1453,47,4,'2023-12-28'),(1454,5,10,'2023-09-12'),(1455,89,3,'2023-12-07'),(1456,70,9,'2023-09-09'),(1457,33,3,'2023-12-30'),(1458,97,2,'2023-11-10'),(1459,21,10,'2023-10-24'),(1460,6,8,'2023-10-06'),(1461,19,1,'2023-09-21'),(1462,97,4,'2023-10-11'),(1463,36,4,'2023-11-30'),(1464,78,4,'2023-09-25'),(1465,2,6,'2023-11-08'),(1466,86,5,'2023-10-14'),(1467,17,10,'2023-10-05'),(1468,30,10,'2023-11-03'),(1469,15,10,'2023-11-24'),(1470,11,4,'2023-12-06'),(1471,71,3,'2023-10-14'),(1472,42,7,'2023-09-10'),(1473,53,9,'2023-12-27'),(1474,74,10,'2023-09-07'),(1475,55,7,'2023-11-14'),(1476,7,8,'2023-12-26'),(1477,39,9,'2023-12-02'),(1478,30,1,'2023-12-03'),(1479,42,8,'2023-12-13'),(1480,8,5,'2023-11-13'),(1481,72,8,'2023-12-17'),(1482,17,3,'2024-01-01'),(1483,92,6,'2023-11-09'),(1484,1,1,'2023-11-18'),(1485,42,8,'2023-11-08'),(1486,72,7,'2023-12-10'),(1487,6,3,'2023-11-19'),(1488,15,9,'2023-10-04'),(1489,63,9,'2023-11-21'),(1490,58,8,'2023-12-28'),(1491,63,5,'2023-12-23'),(1492,86,1,'2023-10-04'),(1493,51,4,'2023-11-01'),(1494,78,1,'2023-11-19'),(1495,25,10,'2023-10-14'),(1496,28,3,'2023-11-08'),(1497,72,1,'2023-12-03'),(1498,18,2,'2023-10-19'),(1499,53,3,'2023-12-14'),(1500,46,5,'2023-12-26');
/*!40000 ALTER TABLE `commande` ENABLE KEYS */;
UNLOCK TABLES;

--
-- Table structure for table `ligne_commande`
--

DROP TABLE IF EXISTS `ligne_commande`;
/*!40101 SET @saved_cs_client     = @@character_set_client */;
/*!50503 SET character_set_client = utf8mb4 */;
CREATE TABLE `ligne_commande` (
  `id` int NOT NULL AUTO_INCREMENT,
  `commande_id` int DEFAULT NULL,
  `produit_id` int DEFAULT NULL,
  `quantite` int DEFAULT NULL,
  PRIMARY KEY (`id`),
  KEY `commande_id` (`commande_id`),
  KEY `produit_id` (`produit_id`),
  CONSTRAINT `ligne_commande_ibfk_1` FOREIGN KEY (`commande_id`) REFERENCES `commande` (`id`),
  CONSTRAINT `ligne_commande_ibfk_2` FOREIGN KEY (`produit_id`) REFERENCES `vendeur` (`id`)
) ENGINE=InnoDB AUTO_INCREMENT=2001 DEFAULT CHARSET=utf8mb4 COLLATE=utf8mb4_0900_ai_ci;
/*!40101 SET character_set_client = @saved_cs_client */;

--
-- Dumping data for table `ligne_commande`
--

LOCK TABLES `ligne_commande` WRITE;
/*!40000 ALTER TABLE `ligne_commande` DISABLE KEYS */;
/*!40000 ALTER TABLE `ligne_commande` ENABLE KEYS */;
UNLOCK TABLES;

--
-- Table structure for table `produit`
--

DROP TABLE IF EXISTS `produit`;
/*!40101 SET @saved_cs_client     = @@character_set_client */;
/*!50503 SET character_set_client = utf8mb4 */;
CREATE TABLE `produit` (
  `id` int NOT NULL AUTO_INCREMENT,
  `designation` varchar(255) DEFAULT NULL,
  `prix_unitaire` int DEFAULT NULL,
  PRIMARY KEY (`id`)
) ENGINE=InnoDB AUTO_INCREMENT=31 DEFAULT CHARSET=utf8mb4 COLLATE=utf8mb4_0900_ai_ci;
/*!40101 SET character_set_client = @saved_cs_client */;

--
-- Dumping data for table `produit`
--

LOCK TABLES `produit` WRITE;
/*!40000 ALTER TABLE `produit` DISABLE KEYS */;
INSERT INTO `produit` VALUES (1,'Canapé',17800),(2,'Vélo électrique',11500),(3,'Montre intelligente',12173),(4,'Ordinateur',22018),(5,'Canapé',4399),(6,'Jouet',21453),(7,'Tablette',6277),(8,'Aspirateur',29178),(9,'Console de jeux',16362),(10,'Enceinte Bluetooth',17081),(11,'Télévision',14329),(12,'Valise',8853),(13,'Valise',15937),(14,'Enceinte Bluetooth',6196),(15,'Tablette',16587),(16,'Appareil photo',10268),(17,'Tablette',3376),(18,'Tablette',4801),(19,'Valise',8543),(20,'Valise',11057),(21,'Télévision',5553),(22,'Réfrigérateur',6228),(23,'Réfrigérateur',24140),(24,'Tablette',17940),(25,'Tapis roulant',24719),(26,'Enceinte Bluetooth',28250),(27,'Appareil photo',27944),(28,'Équipement de camping',3336),(29,'Montre intelligente',5365),(30,'Tapis roulant',3905);
/*!40000 ALTER TABLE `produit` ENABLE KEYS */;
UNLOCK TABLES;

--
-- Table structure for table `vendeur`
--

DROP TABLE IF EXISTS `vendeur`;
/*!40101 SET @saved_cs_client     = @@character_set_client */;
/*!50503 SET character_set_client = utf8mb4 */;
CREATE TABLE `vendeur` (
  `id` int NOT NULL AUTO_INCREMENT,
  `prenom` varchar(255) DEFAULT NULL,
  `nom` varchar(255) DEFAULT NULL,
  `telephone` varchar(15) DEFAULT NULL,
  `sexe` varchar(10) DEFAULT NULL,
  PRIMARY KEY (`id`)
) ENGINE=InnoDB AUTO_INCREMENT=11 DEFAULT CHARSET=utf8mb4 COLLATE=utf8mb4_0900_ai_ci;
/*!40101 SET character_set_client = @saved_cs_client */;

--
-- Dumping data for table `vendeur`
--

LOCK TABLES `vendeur` WRITE;
/*!40000 ALTER TABLE `vendeur` DISABLE KEYS */;
INSERT INTO `vendeur` VALUES (1,'THOMAS','COOLIDGE','76-936-78-55','F'),(2,'BENJAMIN','KENNEDY','76-730-52-62','M'),(3,'MILLARD','NIXON','76-024-84-83','F'),(4,'CHESTER','TAFT','77-094-23-46','M'),(5,'JAMES','HOOVER','76-738-66-13','M'),(6,'GROVER','KENNEDY','77-014-41-72','F'),(7,'BILL','FORD','76-704-96-59','F'),(8,'GERALD','EISENHOWER','77-680-07-36','M'),(9,'ANDREW','JACKSON','77-174-09-35','M'),(10,'WARREN','JOHNSON','76-285-35-96','M');
/*!40000 ALTER TABLE `vendeur` ENABLE KEYS */;
UNLOCK TABLES;
/*!40103 SET TIME_ZONE=@OLD_TIME_ZONE */;

/*!40101 SET SQL_MODE=@OLD_SQL_MODE */;
/*!40014 SET FOREIGN_KEY_CHECKS=@OLD_FOREIGN_KEY_CHECKS */;
/*!40014 SET UNIQUE_CHECKS=@OLD_UNIQUE_CHECKS */;
/*!40101 SET CHARACTER_SET_CLIENT=@OLD_CHARACTER_SET_CLIENT */;
/*!40101 SET CHARACTER_SET_RESULTS=@OLD_CHARACTER_SET_RESULTS */;
/*!40101 SET COLLATION_CONNECTION=@OLD_COLLATION_CONNECTION */;
/*!40111 SET SQL_NOTES=@OLD_SQL_NOTES */;

-- Dump completed on 2023-09-06 16:16:47
