--
-- PostgreSQL database dump
--

-- Dumped from database version 14.9 (Ubuntu 14.9-0ubuntu0.22.04.1)
-- Dumped by pg_dump version 14.9 (Ubuntu 14.9-0ubuntu0.22.04.1)

SET statement_timeout = 0;
SET lock_timeout = 0;
SET idle_in_transaction_session_timeout = 0;
SET client_encoding = 'UTF8';
SET standard_conforming_strings = on;
SELECT pg_catalog.set_config('search_path', '', false);
SET check_function_bodies = false;
SET xmloption = content;
SET client_min_messages = warning;
SET row_security = off;

SET default_tablespace = '';

SET default_table_access_method = heap;

--
-- Name: client; Type: TABLE; Schema: public; Owner: project001
--

CREATE TABLE public.client (
    idclient integer NOT NULL,
    prenom character varying(255),
    nom character varying(255),
    telephone character varying(20),
    sexe character(1),
    niveau character varying(50)
);


ALTER TABLE public.client OWNER TO project001;

--
-- Name: client_idclient_seq; Type: SEQUENCE; Schema: public; Owner: project001
--

CREATE SEQUENCE public.client_idclient_seq
    AS integer
    START WITH 1
    INCREMENT BY 1
    NO MINVALUE
    NO MAXVALUE
    CACHE 1;


ALTER TABLE public.client_idclient_seq OWNER TO project001;

--
-- Name: client_idclient_seq; Type: SEQUENCE OWNED BY; Schema: public; Owner: project001
--

ALTER SEQUENCE public.client_idclient_seq OWNED BY public.client.idclient;


--
-- Name: commande; Type: TABLE; Schema: public; Owner: project001
--

CREATE TABLE public.commande (
    idcommande integer NOT NULL,
    idclient integer,
    idvendeur integer,
    date date,
    idproduit integer,
    quantite character varying(500)
);


ALTER TABLE public.commande OWNER TO project001;

--
-- Name: commande_idcommande_seq; Type: SEQUENCE; Schema: public; Owner: project001
--

CREATE SEQUENCE public.commande_idcommande_seq
    AS integer
    START WITH 1
    INCREMENT BY 1
    NO MINVALUE
    NO MAXVALUE
    CACHE 1;


ALTER TABLE public.commande_idcommande_seq OWNER TO project001;

--
-- Name: commande_idcommande_seq; Type: SEQUENCE OWNED BY; Schema: public; Owner: project001
--

ALTER SEQUENCE public.commande_idcommande_seq OWNED BY public.commande.idcommande;


--
-- Name: produit; Type: TABLE; Schema: public; Owner: project001
--

CREATE TABLE public.produit (
    idproduit integer NOT NULL,
    designation character varying(255),
    prixunitaire numeric(10,2)
);


ALTER TABLE public.produit OWNER TO project001;

--
-- Name: produit_idproduit_seq; Type: SEQUENCE; Schema: public; Owner: project001
--

CREATE SEQUENCE public.produit_idproduit_seq
    AS integer
    START WITH 1
    INCREMENT BY 1
    NO MINVALUE
    NO MAXVALUE
    CACHE 1;


ALTER TABLE public.produit_idproduit_seq OWNER TO project001;

--
-- Name: produit_idproduit_seq; Type: SEQUENCE OWNED BY; Schema: public; Owner: project001
--

ALTER SEQUENCE public.produit_idproduit_seq OWNED BY public.produit.idproduit;


--
-- Name: vendeur; Type: TABLE; Schema: public; Owner: project001
--

CREATE TABLE public.vendeur (
    idvendeur integer NOT NULL,
    prenom character varying(255),
    nom character varying(255),
    telephone character varying(20),
    sexe character(1)
);


ALTER TABLE public.vendeur OWNER TO project001;

--
-- Name: vendeur_idvendeur_seq; Type: SEQUENCE; Schema: public; Owner: project001
--

CREATE SEQUENCE public.vendeur_idvendeur_seq
    AS integer
    START WITH 1
    INCREMENT BY 1
    NO MINVALUE
    NO MAXVALUE
    CACHE 1;


ALTER TABLE public.vendeur_idvendeur_seq OWNER TO project001;

--
-- Name: vendeur_idvendeur_seq; Type: SEQUENCE OWNED BY; Schema: public; Owner: project001
--

ALTER SEQUENCE public.vendeur_idvendeur_seq OWNED BY public.vendeur.idvendeur;


--
-- Name: client idclient; Type: DEFAULT; Schema: public; Owner: project001
--

ALTER TABLE ONLY public.client ALTER COLUMN idclient SET DEFAULT nextval('public.client_idclient_seq'::regclass);


--
-- Name: commande idcommande; Type: DEFAULT; Schema: public; Owner: project001
--

ALTER TABLE ONLY public.commande ALTER COLUMN idcommande SET DEFAULT nextval('public.commande_idcommande_seq'::regclass);


--
-- Name: produit idproduit; Type: DEFAULT; Schema: public; Owner: project001
--

ALTER TABLE ONLY public.produit ALTER COLUMN idproduit SET DEFAULT nextval('public.produit_idproduit_seq'::regclass);


--
-- Name: vendeur idvendeur; Type: DEFAULT; Schema: public; Owner: project001
--

ALTER TABLE ONLY public.vendeur ALTER COLUMN idvendeur SET DEFAULT nextval('public.vendeur_idvendeur_seq'::regclass);


--
-- Data for Name: client; Type: TABLE DATA; Schema: public; Owner: project001
--

COPY public.client (idclient, prenom, nom, telephone, sexe, niveau) FROM stdin;
1	JEFFERSON	HERBERT	786814902	F	10
2	ARTHUR	BENJAMIN	777438287	M	11
3	TAFT	RONALD	762417579	F	11
4	WILSON	ZACHARY	771974063	F	11
5	TRUMAN	WOODROW	783781864	M	12
6	MCKINLEY	BENJAMIN	770836474	M	11
7	JACKSON	MARTIN	773043088	M	10
8	CARTER	THOMAS	768241151	F	11
9	TAFT	FRANKLIN	784940958	M	12
10	HARDING	JIMMY	788110329	F	10
11	CLINTON	GEORGE	762231562	F	10
12	ROOSEVELT	CHESTER	779453602	M	11
13	FORD	WILLIAM	789738123	M	10
14	HARRISON	WOODROW	763133563	F	12
15	JOHNSON	BILL	781980683	M	10
16	PIERCE	GROVER	789443148	F	10
17	HAYES	HERBERT	761064080	F	11
18	COOLIDGE	THOMAS	787799119	M	10
19	WILSON	WARREN	789027008	F	11
20	HARDING	THOMAS	773877496	F	12
21	FILLMORE	THEODORE	760555153	M	12
22	BUCHANAN	WARREN	762091682	M	11
23	POLK	ULYSSES	761751765	M	11
24	TAFT	LYNDON	762020582	F	10
25	JACKSON	WOODROW	764431829	F	12
26	WASHINGTON	CHESTER	789639804	F	12
27	NIXON	HARRY	764351483	F	10
28	VAN BUREN	HERBERT	783599087	M	10
29	VAN BUREN	THOMAS	760681847	F	11
30	WASHINGTON	MILLARD	784386304	M	10
31	LINCOLN	JOHN	785112130	F	11
32	WILSON	MILLARD	762424012	M	12
33	FILLMORE	JAMES	761418746	F	10
34	JACKSON	DWIGHT	763013362	M	12
35	HARRISON	ZACHARY	773630972	M	12
36	TAFT	CHESTER	775368885	F	10
37	COOLIDGE	JAMES	764871275	M	10
38	FORD	THOMAS	760113695	M	10
39	MONROE	LYNDON	783136781	M	10
40	CLEVELAND	ULYSSES	766035696	M	11
41	HOOVER	MARTIN	765562082	F	12
42	BUCHANAN	CALVIN	783052398	F	11
43	MONROE	BENJAMIN	787158853	M	11
44	MADISON	BENJAMIN	782221136	M	11
45	HOOVER	HARRY	762753788	F	10
46	HARDING	JAMES	788159248	F	12
47	TAFT	ABRAHAM	772676038	M	10
48	ADAMS	LYNDON	783243548	F	12
49	WASHINGTON	THOMAS	782608346	M	10
50	NIXON	HARRY	778378276	M	12
51	TRUMAN	JAMES	764466048	F	11
52	MCKINLEY	GROVER	784674724	F	11
53	ARTHUR	HERBERT	769201076	F	12
54	HOOVER	MARTIN	765823260	F	12
55	NIXON	THEODORE	783577530	F	11
56	CLEVELAND	HERBERT	782493076	M	10
57	FILLMORE	BILL	785787720	M	11
58	HARDING	LYNDON	766173480	M	12
59	CLEVELAND	ANDREW	769770271	M	10
60	ADAMS	JAMES	787271651	M	12
61	ARTHUR	GEORGE	760265613	M	12
62	PIERCE	GROVER	767894989	F	10
63	TAFT	WILLIAM	769794026	M	11
64	TAFT	JOHN	768729516	F	11
65	HARRISON	GROVER	763956448	M	10
66	CLINTON	CHESTER	765761077	M	11
67	HARRISON	MARTIN	775724629	F	10
68	NIXON	RONALD	775175140	F	11
69	ADAMS	CALVIN	788932401	M	11
70	CLEVELAND	GROVER	772724579	F	11
71	HARDING	FRANKLIN	780985375	F	12
72	JEFFERSON	RUTHERFORD	784953280	F	11
73	NIXON	WARREN	781540222	M	11
74	JOHNSON	HARRY	784069686	F	11
75	MADISON	RONALD	762475796	M	10
76	ROOSEVELT	GERALD	773551405	F	10
77	FILLMORE	HARRY	781304936	F	12
78	TAFT	HARRY	766858068	M	10
79	ARTHUR	MARTIN	773679611	F	12
80	KENNEDY	GROVER	771233635	F	11
81	WASHINGTON	WOODROW	772988342	F	11
82	MADISON	BILL	765132231	F	12
83	FILLMORE	HERBERT	779402692	M	11
84	EISENHOWER	HERBERT	788917099	F	10
85	MCKINLEY	ULYSSES	771028710	M	11
86	KENNEDY	JIMMY	785731011	M	11
87	BUCHANAN	ZACHARY	776993276	F	10
88	MCKINLEY	HERBERT	776212218	F	10
89	ROOSEVELT	ULYSSES	768487704	M	10
90	GRANT	THEODORE	780122461	F	10
91	POLK	GERALD	761677447	F	12
92	WASHINGTON	MILLARD	767002380	F	10
93	JEFFERSON	RONALD	763812527	F	10
94	CLINTON	JAMES	771745621	F	11
95	JACKSON	THOMAS	761074353	M	11
96	TYLER	THOMAS	767938550	M	12
97	TAFT	RONALD	775470206	M	10
98	WILSON	RONALD	788956646	M	12
99	PIERCE	ULYSSES	778940237	M	11
100	LINCOLN	CALVIN	771082007	M	11
101	HARDING	ULYSSES	788424388	F	10
102	GRANT	BENJAMIN	776332424	M	10
103	ROOSEVELT	THEODORE	775660708	F	10
104	FORD	GROVER	786615754	F	10
105	GRANT	JIMMY	787581019	M	12
106	NIXON	RUTHERFORD	778670961	M	10
107	VAN BUREN	THEODORE	778245128	F	11
108	POLK	BENJAMIN	777254373	F	10
109	PIERCE	ZACHARY	768669266	M	12
110	ARTHUR	RONALD	773775362	F	10
111	FILLMORE	JOHN	765708775	M	11
112	ADAMS	RONALD	778847352	F	10
113	GARFIELD	JIMMY	763589893	M	12
114	JACKSON	HARRY	789144400	M	12
115	TAYLOR	DWIGHT	776311770	M	11
116	JOHNSON	MARTIN	763539571	M	10
117	TYLER	JOHN	763829759	M	10
118	CLEVELAND	WOODROW	787710970	M	10
119	JOHNSON	JAMES	787797411	F	11
120	ROOSEVELT	GEORGE	770582306	M	11
121	ADAMS	BILL	775862115	M	12
122	TAYLOR	BENJAMIN	768083926	F	10
123	MADISON	CHESTER	770624614	M	11
124	CLEVELAND	HARRY	773741514	F	11
125	EISENHOWER	LYNDON	776713899	F	10
126	JOHNSON	ABRAHAM	766995777	F	11
127	KENNEDY	FRANKLIN	785030582	M	11
128	BUCHANAN	GROVER	767017941	F	11
129	TYLER	GERALD	776378860	M	10
130	PIERCE	JOHN	764724002	M	11
131	ROOSEVELT	JAMES	775861822	F	12
132	CLINTON	ABRAHAM	781187545	M	10
133	TYLER	RUTHERFORD	784694533	F	12
134	CARTER	RONALD	780762942	F	11
135	CLEVELAND	GROVER	775917512	F	10
136	JOHNSON	ABRAHAM	765746763	F	12
137	HOOVER	FRANKLIN	787641171	F	12
138	HOOVER	RONALD	766185953	F	11
139	PIERCE	RUTHERFORD	773638797	F	12
140	CLEVELAND	GROVER	764058893	M	11
141	HOOVER	WARREN	760436362	M	11
142	MONROE	WILLIAM	766800603	F	10
143	HAYES	RUTHERFORD	779850244	M	11
144	HOOVER	FRANKLIN	781523699	F	10
145	MCKINLEY	HARRY	770897079	M	10
146	GARFIELD	WILLIAM	783995039	M	12
147	QUINCY	HERBERT	765203246	M	12
148	PIERCE	GEORGE	776335660	M	10
149	MADISON	WILLIAM	768368920	F	10
150	HARDING	DWIGHT	762186165	M	10
151	JOHNSON	RICHARD	763841680	F	11
152	GARFIELD	CALVIN	777921059	M	11
153	ARTHUR	MILLARD	769705762	M	11
154	TAYLOR	FRANKLIN	772179784	M	11
155	EISENHOWER	CALVIN	786434878	F	10
156	GRANT	ZACHARY	765888739	M	12
157	HARRISON	BILL	772074348	F	11
158	TAFT	RONALD	789416680	M	12
159	NIXON	RICHARD	771858979	F	10
160	COOLIDGE	RUTHERFORD	769560668	F	10
161	HARDING	WOODROW	762068039	F	10
162	CARTER	GERALD	762105819	F	10
163	TAFT	BILL	777231068	F	10
164	CLINTON	BENJAMIN	768134986	M	10
165	TYLER	LYNDON	762415005	M	12
166	GARFIELD	MARTIN	769717201	M	11
167	GARFIELD	THOMAS	788641470	M	12
168	EISENHOWER	HARRY	771036993	F	10
169	JACKSON	JAMES	784053774	M	12
170	MADISON	HERBERT	779582522	F	11
171	HAYES	RONALD	776469445	F	12
172	HOOVER	HERBERT	782336483	F	10
173	CARTER	WILLIAM	762359880	F	11
174	TAYLOR	HERBERT	769298493	F	11
175	MONROE	GEORGE	764538302	M	12
176	JEFFERSON	BENJAMIN	778443470	M	11
177	MONROE	ULYSSES	767560244	M	10
178	PIERCE	RICHARD	783521643	M	12
179	POLK	GROVER	767639091	M	10
180	CARTER	WILLIAM	764245485	F	11
181	MONROE	HARRY	779649258	M	12
182	MADISON	JIMMY	787037505	M	11
183	HARRISON	JAMES	781654827	F	10
184	MCKINLEY	GERALD	780295896	M	11
185	ROOSEVELT	RONALD	780858299	F	11
186	TAYLOR	FRANKLIN	779268919	M	10
187	LINCOLN	JIMMY	761855725	M	12
188	MONROE	GERALD	787540361	M	11
189	JEFFERSON	BENJAMIN	785029090	M	11
190	REAGAN	WOODROW	769058033	F	11
191	POLK	CALVIN	784418718	M	12
192	KENNEDY	FRANKLIN	778679902	M	10
193	MONROE	HARRY	769942297	F	11
194	GARFIELD	ANDREW	785707017	F	11
195	MADISON	HERBERT	769015920	F	10
196	CLINTON	RUTHERFORD	766644351	M	12
197	HARRISON	WARREN	785506714	M	11
198	QUINCY	WILLIAM	783514531	M	11
199	CARTER	ABRAHAM	785914089	F	12
200	HOOVER	RUTHERFORD	789159639	M	10
201	HARRISON	ULYSSES	768287096	M	10
202	POLK	HARRY	774875476	F	10
203	BUCHANAN	RUTHERFORD	774384222	F	10
204	REAGAN	WARREN	772109232	F	10
205	HOOVER	GERALD	780140237	F	10
206	EISENHOWER	RONALD	766057738	F	12
207	HARRISON	JAMES	782973833	F	12
208	HAYES	GERALD	764680717	F	11
209	MCKINLEY	MILLARD	760257894	M	11
210	JOHNSON	HERBERT	778588136	F	11
211	HAYES	LYNDON	775621879	M	12
212	PIERCE	JIMMY	770584569	F	11
213	CLEVELAND	BENJAMIN	780490293	M	12
214	HARDING	RUTHERFORD	789638173	M	10
215	QUINCY	RONALD	761484807	M	11
216	JOHNSON	BENJAMIN	782866759	M	10
217	JACKSON	BENJAMIN	763323140	M	11
218	ADAMS	JAMES	780393646	M	11
219	TAYLOR	BILL	787441224	M	11
220	HAYES	MARTIN	783043527	F	10
221	HARDING	ANDREW	768611034	F	11
222	ROOSEVELT	DWIGHT	786492809	F	11
223	JACKSON	WOODROW	766164113	F	11
224	HARRISON	FRANKLIN	787950951	M	12
225	ROOSEVELT	MILLARD	784335842	F	10
226	WILSON	CHESTER	789952629	F	12
227	CLEVELAND	GEORGE	768800800	F	12
228	JOHNSON	RICHARD	787291060	F	10
229	QUINCY	ULYSSES	769602801	F	12
230	FILLMORE	JAMES	779379493	M	12
231	WILSON	MILLARD	775848862	F	11
232	JOHNSON	DWIGHT	772550000	M	10
233	KENNEDY	RICHARD	771829300	F	11
234	CLINTON	CHESTER	767324268	M	11
235	EISENHOWER	HERBERT	780241627	F	11
236	TYLER	BILL	776989675	M	10
237	HARRISON	WARREN	763731675	M	10
238	ADAMS	THOMAS	764571877	F	12
239	ADAMS	CALVIN	764767165	M	11
240	FILLMORE	LYNDON	776472883	F	12
241	ADAMS	BENJAMIN	769091751	M	11
242	BUCHANAN	WARREN	781162373	M	11
243	ADAMS	LYNDON	760427656	M	10
244	FORD	JOHN	783062064	F	12
245	HARRISON	BILL	785031501	M	11
246	POLK	GEORGE	771220437	M	10
247	JEFFERSON	HARRY	777146889	M	11
248	HOOVER	LYNDON	762593300	F	11
249	HAYES	WARREN	769973828	M	10
250	ARTHUR	HARRY	776082355	M	12
251	HARDING	JAMES	770415588	F	12
252	CLEVELAND	WILLIAM	769558599	F	12
253	PIERCE	CALVIN	774691913	M	10
254	EISENHOWER	WOODROW	767827234	M	10
255	ADAMS	LYNDON	781124346	F	10
256	ADAMS	LYNDON	783594787	F	12
257	HAYES	BILL	763342363	M	11
258	JACKSON	CHESTER	773070347	M	12
259	MONROE	DWIGHT	760865740	F	11
260	ROOSEVELT	WARREN	787932219	M	12
261	BUCHANAN	ZACHARY	780660277	M	10
262	ROOSEVELT	FRANKLIN	775200238	M	11
263	PIERCE	FRANKLIN	785672703	M	11
264	JACKSON	CHESTER	781529779	M	11
265	MONROE	JAMES	770185404	F	11
266	JOHNSON	GEORGE	768406641	F	10
267	TAFT	THEODORE	784907200	F	11
268	GRANT	CHESTER	770724715	M	11
269	KENNEDY	WILLIAM	774857452	F	10
270	HARRISON	ULYSSES	778130248	M	12
271	CLEVELAND	THEODORE	786408409	M	10
272	KENNEDY	MILLARD	770752874	F	11
273	KENNEDY	HERBERT	764250802	F	11
274	LINCOLN	THEODORE	760198614	M	12
275	ARTHUR	RONALD	770229923	M	10
276	CLINTON	BENJAMIN	775521752	M	10
277	COOLIDGE	WILLIAM	782084455	M	11
278	ADAMS	JAMES	769980580	M	11
279	HOOVER	HARRY	780370427	M	10
280	QUINCY	GEORGE	776985834	M	10
281	PIERCE	MILLARD	780097791	F	11
282	TYLER	MILLARD	789536649	M	11
283	JACKSON	LYNDON	767274718	M	11
284	POLK	BENJAMIN	779082059	M	12
285	MONROE	RUTHERFORD	768418547	F	10
286	REAGAN	FRANKLIN	765013980	M	12
287	ROOSEVELT	GERALD	766528044	M	11
288	KENNEDY	GEORGE	786740437	F	10
289	LINCOLN	ULYSSES	771857258	F	12
290	JACKSON	HARRY	771485219	M	12
291	ADAMS	THOMAS	775821746	F	12
292	CARTER	CHESTER	778487806	M	12
293	ROOSEVELT	MARTIN	789395756	M	10
294	CARTER	FRANKLIN	769905233	F	12
295	VAN BUREN	CHESTER	760640938	M	10
296	POLK	FRANKLIN	789373835	F	11
297	CLINTON	THOMAS	771340361	F	11
298	CLEVELAND	JAMES	789891908	M	12
299	ARTHUR	JAMES	762960877	F	10
300	CLINTON	JOHN	784594976	F	10
301	HARRISON	CHESTER	788488875	F	10
302	ADAMS	BILL	761331530	F	11
303	ROOSEVELT	CHESTER	771728453	F	10
304	COOLIDGE	THEODORE	762368934	M	12
305	POLK	HARRY	761811793	F	12
306	CLEVELAND	RONALD	785663780	M	10
307	ROOSEVELT	FRANKLIN	762375911	M	12
308	HARRISON	BENJAMIN	764268883	F	10
309	NIXON	THOMAS	766431233	F	10
310	COOLIDGE	JAMES	779802361	F	11
311	WILSON	THOMAS	762157485	F	11
312	CARTER	GEORGE	767789466	F	12
313	JACKSON	MILLARD	781929276	F	12
314	EISENHOWER	JOHN	789340364	F	12
315	BUCHANAN	FRANKLIN	785291304	M	11
316	WASHINGTON	CALVIN	775737941	M	10
317	MCKINLEY	WILLIAM	771239714	F	10
318	EISENHOWER	GERALD	782602572	M	12
319	VAN BUREN	GERALD	760382095	F	11
320	NIXON	CHESTER	786761649	M	12
321	FILLMORE	JIMMY	767238164	F	10
322	MCKINLEY	FRANKLIN	789352269	M	12
323	GRANT	DWIGHT	786931241	F	10
324	HARRISON	DWIGHT	787138654	F	10
325	HARRISON	HERBERT	787992883	M	10
326	MONROE	MILLARD	775811123	M	12
327	ROOSEVELT	CHESTER	779762344	F	12
328	CLEVELAND	BILL	787924533	M	10
329	HAYES	RICHARD	778772385	F	12
330	VAN BUREN	HARRY	788221837	F	12
331	ADAMS	JOHN	768586632	F	10
332	ARTHUR	RICHARD	776237875	M	11
333	CLEVELAND	HERBERT	764739404	M	11
334	ADAMS	HERBERT	772567653	M	11
335	TAYLOR	MILLARD	763666354	F	11
336	JEFFERSON	GEORGE	774033443	F	12
337	FORD	GROVER	768860458	M	12
338	JACKSON	MARTIN	761823900	F	10
339	MCKINLEY	RONALD	782113993	F	12
340	JACKSON	MARTIN	765911506	F	12
341	HAYES	MARTIN	775343994	F	12
342	QUINCY	FRANKLIN	783714944	M	10
343	CLINTON	CALVIN	782466887	M	10
344	MCKINLEY	FRANKLIN	779618066	M	10
345	NIXON	WILLIAM	766436523	M	11
346	JEFFERSON	BILL	766347966	F	11
347	POLK	THEODORE	762354473	M	11
348	MADISON	MILLARD	762074277	M	10
349	ADAMS	GERALD	760513218	F	12
350	CLINTON	GROVER	787249789	F	11
351	ARTHUR	MARTIN	769181731	F	11
352	MADISON	GERALD	780465959	F	12
353	TAFT	RUTHERFORD	766888775	F	10
354	HARRISON	THEODORE	776634653	F	12
355	HARRISON	HARRY	777535364	M	12
356	HAYES	DWIGHT	765289179	F	12
357	HARRISON	FRANKLIN	765227781	F	10
358	COOLIDGE	JOHN	784091177	M	12
359	JOHNSON	THOMAS	765722781	F	11
360	COOLIDGE	HERBERT	764838875	F	11
361	ADAMS	WARREN	774887089	F	11
362	FILLMORE	RICHARD	782224927	F	10
363	WILSON	GEORGE	784785719	F	10
364	HARRISON	MILLARD	788676946	F	11
365	CLINTON	RONALD	769619050	M	10
366	KENNEDY	JIMMY	784100512	F	10
367	PIERCE	BENJAMIN	773093486	M	10
368	JOHNSON	BENJAMIN	773084591	M	11
369	FORD	LYNDON	766295680	M	10
370	WASHINGTON	ZACHARY	767988384	F	12
371	TYLER	JIMMY	761853914	F	10
372	ARTHUR	JAMES	760794680	F	12
373	VAN BUREN	ULYSSES	768180133	F	10
374	JACKSON	GROVER	788251616	M	12
375	TAFT	CALVIN	784039363	M	11
376	HARRISON	ABRAHAM	784524519	F	11
377	MADISON	BENJAMIN	769690134	F	11
378	COOLIDGE	DWIGHT	768423992	M	11
379	TYLER	WARREN	780192384	M	10
380	QUINCY	GROVER	772926169	F	12
381	CARTER	CHESTER	785760962	M	11
382	ROOSEVELT	CALVIN	771749249	M	12
383	JEFFERSON	THEODORE	769897044	F	10
384	FORD	CALVIN	760100344	M	12
385	GARFIELD	CHESTER	788217159	F	12
386	PIERCE	MARTIN	789164333	M	10
387	ADAMS	GERALD	774528888	F	10
388	HARRISON	RUTHERFORD	766614060	M	12
389	ROOSEVELT	ANDREW	762630954	F	11
390	TYLER	GEORGE	776283412	F	12
391	MADISON	MARTIN	787845521	F	10
392	NIXON	WILLIAM	780721407	F	10
393	FILLMORE	CALVIN	761822531	M	10
394	ADAMS	LYNDON	777511122	M	11
395	NIXON	RUTHERFORD	772593614	M	10
396	POLK	LYNDON	775022715	M	12
397	ARTHUR	HERBERT	774946177	F	11
398	HARRISON	BILL	775631347	M	12
399	FILLMORE	FRANKLIN	782320359	M	12
400	TRUMAN	MILLARD	779880152	M	10
\.


--
-- Data for Name: commande; Type: TABLE DATA; Schema: public; Owner: project001
--

COPY public.commande (idcommande, idclient, idvendeur, date, idproduit, quantite) FROM stdin;
16	47	3	2022-11-16	5	16
17	7	1	2023-04-18	8	6
18	75	1	2022-09-22	7	9
19	26	4	2023-04-28	2	8
20	66	3	2022-03-10	2	18
21	91	4	2023-06-11	5	8
22	1	3	2023-10-01	2	2
23	92	1	2022-04-21	3	18
24	60	5	2023-06-16	4	8
25	100	4	2022-11-16	2	7
26	77	5	2023-04-16	1	3
27	38	3	2022-04-18	9	17
28	85	2	2022-10-03	10	6
29	88	4	2023-12-11	5	2
30	82	3	2023-08-03	10	9
31	81	1	2023-07-10	3	17
32	15	2	2023-03-28	9	7
33	28	4	2022-03-05	3	8
34	87	4	2022-12-25	8	8
35	39	4	2022-11-17	3	18
36	56	1	2022-07-25	3	19
37	13	5	2022-11-02	5	12
38	90	3	2023-10-31	2	16
39	78	4	2022-02-08	3	4
40	51	4	2022-12-20	2	6
41	9	2	2022-09-27	8	6
42	8	3	2022-08-02	9	7
43	26	4	2022-09-05	3	10
44	12	2	2023-06-22	4	17
45	100	1	2023-08-17	7	1
46	78	3	2022-01-13	5	6
47	45	4	2023-06-02	7	3
48	35	1	2022-06-09	9	1
49	4	2	2022-05-05	10	14
50	26	2	2022-01-09	1	15
51	1	5	2022-11-02	4	5
52	52	3	2022-11-25	2	12
53	42	5	2023-03-29	2	14
54	17	4	2023-06-28	3	1
55	8	5	2023-11-05	3	12
56	93	3	2023-11-13	7	16
57	85	4	2023-11-11	4	1
58	14	2	2022-03-08	1	3
59	33	5	2022-02-01	2	2
60	38	3	2022-10-05	9	18
61	48	4	2022-01-25	9	18
62	8	2	2022-04-25	9	19
63	19	3	2022-09-20	2	9
64	32	1	2022-04-16	9	5
65	15	2	2023-10-05	9	16
66	80	3	2023-03-21	4	7
67	82	3	2022-05-30	8	17
68	72	5	2023-09-30	2	3
69	2	1	2022-10-09	1	18
70	33	5	2022-03-30	2	19
71	91	1	2022-12-15	3	1
72	53	1	2023-09-30	1	19
73	5	4	2022-12-22	8	14
74	81	5	2022-06-12	8	11
75	24	1	2023-09-10	7	7
76	12	5	2022-04-08	2	3
77	99	3	2023-11-13	6	5
78	4	1	2023-02-06	8	3
79	57	3	2023-11-19	2	17
80	73	3	2023-08-17	9	19
81	22	2	2022-01-25	5	10
82	10	1	2022-06-09	7	2
83	80	4	2022-05-25	10	3
84	72	1	2023-05-01	9	14
85	58	5	2023-05-29	3	19
86	78	1	2023-04-03	7	7
87	14	4	2023-01-06	7	1
88	34	2	2023-01-06	6	9
89	58	3	2022-11-24	10	8
90	86	2	2022-03-02	9	7
91	42	5	2023-12-04	7	13
92	30	2	2023-08-08	6	19
93	78	5	2023-08-21	9	5
94	4	4	2023-06-15	5	5
95	36	3	2022-06-10	10	14
96	56	1	2023-11-14	3	14
97	74	3	2023-02-03	8	16
98	28	4	2022-02-09	7	10
99	55	1	2022-12-21	3	18
100	54	5	2023-10-12	10	19
101	42	2	2022-09-17	9	18
102	73	4	2022-01-01	9	12
103	6	2	2023-09-04	6	12
104	70	5	2022-06-28	7	8
105	48	3	2022-05-04	3	18
106	49	2	2023-01-05	8	1
107	97	4	2022-01-30	9	6
108	62	2	2022-10-13	4	5
109	2	4	2023-07-05	8	8
110	57	4	2022-03-26	5	7
111	93	1	2023-02-27	8	18
112	29	4	2022-03-08	5	9
113	94	4	2022-06-21	4	19
114	79	2	2022-07-12	4	1
115	94	2	2023-07-07	8	10
116	5	1	2022-11-03	2	1
117	23	5	2022-12-27	2	6
118	83	2	2023-06-12	4	13
119	56	3	2022-11-23	10	15
120	55	3	2023-06-05	10	16
121	4	5	2023-04-22	5	2
122	45	2	2023-03-23	8	10
123	72	4	2022-02-02	2	3
124	33	5	2023-11-16	7	10
125	59	2	2022-04-10	2	8
126	82	1	2023-10-11	3	16
127	59	2	2022-06-10	2	8
128	23	4	2023-11-22	8	9
129	87	3	2022-01-26	4	10
130	79	3	2022-08-15	6	14
131	56	1	2022-02-02	8	16
132	76	2	2023-02-14	6	18
133	8	2	2022-03-31	8	10
134	54	3	2023-03-29	3	14
135	73	5	2023-05-04	2	6
136	31	5	2023-11-19	6	2
137	10	5	2022-07-15	7	5
138	69	1	2023-09-14	2	8
139	47	5	2022-08-22	8	15
140	76	4	2022-01-21	7	7
141	58	5	2023-03-07	3	6
142	27	2	2022-09-11	1	7
143	77	4	2023-08-18	2	7
144	63	4	2022-03-27	6	19
145	93	3	2023-04-04	5	10
146	89	2	2022-09-03	5	1
147	100	5	2023-11-06	4	15
148	73	5	2022-12-29	3	9
149	75	5	2022-08-01	4	9
150	77	5	2022-11-21	1	17
151	7	2	2023-08-21	8	6
152	59	2	2022-12-03	6	15
153	27	5	2022-04-01	8	17
154	19	4	2022-02-09	5	10
155	9	3	2022-08-31	7	17
156	14	5	2022-02-06	6	12
157	75	3	2023-07-24	2	12
158	12	1	2022-12-12	9	5
159	32	1	2023-02-28	10	10
160	92	3	2022-02-19	6	7
161	8	5	2022-12-08	3	3
162	68	4	2023-07-19	5	19
163	23	2	2022-08-19	1	5
164	77	4	2022-10-03	1	9
165	9	3	2022-06-29	10	9
166	17	3	2023-05-08	5	3
167	54	5	2022-04-02	10	11
168	61	4	2023-07-24	3	3
169	25	4	2022-04-03	2	4
170	53	2	2022-11-26	9	15
171	64	1	2023-01-13	7	1
172	41	1	2023-01-11	5	18
173	61	2	2023-05-12	7	5
174	41	4	2022-03-12	3	14
175	68	5	2023-11-07	8	9
176	23	4	2022-06-04	9	1
177	12	1	2023-09-13	3	6
178	68	3	2022-12-21	4	4
179	89	2	2023-02-18	9	15
180	89	3	2022-03-18	10	3
181	96	5	2023-04-28	3	11
182	50	3	2022-09-20	5	19
183	30	2	2022-09-27	5	14
184	61	4	2023-03-17	8	9
185	54	4	2022-07-24	2	19
186	49	2	2023-03-04	6	7
187	7	4	2022-12-21	7	2
188	9	4	2022-02-01	8	16
189	3	1	2022-03-05	8	1
190	37	2	2023-10-03	9	7
191	87	5	2023-10-13	8	1
192	94	2	2023-06-27	7	16
193	54	1	2023-06-11	9	1
194	56	5	2023-10-28	2	2
195	76	4	2022-07-24	1	14
196	46	5	2023-03-12	10	13
197	32	1	2022-12-02	7	5
198	37	1	2023-02-24	1	11
199	74	3	2022-08-12	5	2
200	17	3	2022-08-08	8	5
201	19	2	2023-03-15	8	3
202	53	2	2022-06-17	5	10
203	44	1	2023-09-21	10	12
204	98	4	2023-01-18	6	7
205	84	4	2023-11-16	8	2
206	53	3	2023-07-09	6	15
207	14	1	2023-07-20	9	2
208	13	3	2022-08-22	5	3
209	58	1	2022-08-25	7	3
210	60	5	2023-09-21	9	19
211	94	4	2023-10-24	3	3
212	33	3	2023-09-28	1	6
213	20	2	2023-01-05	10	14
214	61	5	2023-09-23	1	4
215	27	1	2023-01-01	5	1
216	87	1	2023-06-10	3	8
217	42	4	2022-11-26	8	11
218	58	3	2023-10-22	10	2
219	68	1	2022-08-28	8	18
220	7	2	2022-08-02	4	9
221	50	3	2023-04-24	1	13
222	43	3	2022-03-20	9	5
223	11	4	2022-08-30	3	10
224	78	1	2023-10-10	10	4
225	12	1	2022-10-21	2	14
226	54	2	2023-06-19	4	2
227	23	4	2022-11-03	9	13
228	92	3	2022-09-08	7	6
229	93	1	2022-03-30	1	9
230	91	2	2023-07-08	3	12
231	95	2	2022-10-07	6	18
232	26	2	2022-04-11	7	6
233	31	4	2022-08-28	10	14
234	93	1	2023-02-17	6	1
235	36	1	2023-07-21	7	12
236	50	3	2023-03-12	4	13
237	32	1	2022-10-16	3	12
238	38	3	2022-11-05	6	19
239	5	5	2022-01-26	8	1
240	21	5	2022-05-31	10	14
241	71	4	2023-09-12	4	16
242	79	2	2023-12-06	4	5
243	3	5	2022-12-12	2	11
244	16	5	2022-05-27	9	10
245	50	4	2023-07-07	5	12
246	51	3	2022-11-30	10	8
247	39	1	2022-07-31	6	8
248	24	5	2023-11-21	1	12
249	33	2	2022-10-08	8	1
250	74	3	2022-05-29	8	3
251	15	1	2023-02-26	8	11
252	25	4	2022-03-02	8	17
253	77	3	2023-04-27	2	19
254	39	1	2022-07-26	3	14
255	74	3	2022-04-27	6	17
256	50	2	2022-12-19	5	15
257	24	3	2023-05-27	10	3
258	53	4	2022-10-10	1	6
259	41	2	2023-08-13	5	4
260	24	3	2023-12-27	6	5
261	96	4	2022-12-09	7	7
262	69	5	2023-06-20	6	19
263	16	1	2023-12-12	8	14
264	96	3	2022-05-18	7	16
265	5	2	2022-02-11	3	8
266	92	2	2023-05-04	6	19
267	33	1	2023-12-06	3	8
268	23	5	2023-01-08	7	19
269	71	5	2023-06-10	1	18
270	50	4	2022-03-03	2	3
271	25	3	2022-12-19	5	14
272	88	2	2023-08-09	6	18
273	19	3	2023-02-12	5	7
274	47	4	2023-05-12	5	1
275	2	4	2023-11-27	3	15
276	5	3	2022-05-31	6	4
277	46	3	2023-10-06	8	16
278	10	4	2022-06-02	4	6
279	66	4	2023-04-09	3	4
280	88	4	2022-09-21	3	4
281	90	3	2022-12-22	6	11
282	18	3	2022-02-11	6	10
283	2	4	2022-09-15	10	11
284	36	3	2022-04-08	5	13
285	92	4	2023-10-29	6	2
286	17	4	2023-12-13	3	5
287	44	2	2022-07-29	4	17
288	63	1	2022-10-24	6	7
289	6	3	2023-10-07	6	6
290	28	4	2022-09-27	5	16
291	23	1	2023-10-11	1	2
292	69	4	2022-04-15	5	7
293	50	1	2022-01-04	5	9
294	1	5	2023-08-25	1	6
295	23	3	2023-03-19	5	16
296	15	1	2022-12-05	9	14
297	84	2	2023-01-24	5	16
298	13	5	2022-09-14	1	4
299	97	2	2023-05-11	10	8
300	88	4	2023-08-10	5	7
301	59	1	2023-11-22	2	2
302	83	4	2023-12-17	2	19
303	25	3	2023-10-17	5	19
304	57	2	2023-09-13	3	9
305	1	2	2023-09-12	5	10
306	66	1	2023-07-24	5	14
307	71	4	2023-01-11	9	9
308	88	3	2023-11-22	10	5
309	68	3	2023-06-12	5	12
310	57	3	2022-11-07	1	5
311	41	5	2023-11-11	8	9
312	66	3	2022-04-22	5	17
313	29	3	2023-03-07	5	3
314	4	3	2022-10-05	3	17
315	6	4	2023-02-10	1	19
316	5	4	2022-12-25	10	19
317	58	2	2022-12-04	9	7
318	5	5	2023-03-03	4	8
319	17	1	2023-09-17	4	18
320	66	5	2022-06-13	9	6
321	30	4	2023-03-02	3	13
322	56	1	2022-01-22	2	19
323	89	2	2022-03-27	2	12
324	48	5	2022-07-30	1	8
325	90	3	2023-03-02	4	14
326	58	5	2022-04-19	7	5
327	35	5	2022-11-07	2	1
328	59	3	2023-02-03	1	10
329	45	2	2022-04-08	9	9
330	64	4	2023-09-08	7	15
331	87	5	2022-09-17	7	1
332	36	5	2023-02-24	2	9
333	60	4	2022-07-20	3	7
334	26	3	2023-10-01	10	18
335	97	2	2022-11-04	5	3
336	9	2	2022-12-25	10	6
337	70	4	2023-06-25	9	7
338	99	4	2022-11-06	10	17
339	78	2	2023-08-27	8	10
340	18	1	2022-07-18	2	4
341	2	4	2022-10-25	6	7
342	92	4	2023-02-04	7	5
343	45	3	2022-07-23	7	4
344	49	1	2023-11-28	10	19
345	88	1	2022-09-01	8	3
346	47	3	2022-05-29	6	7
347	34	5	2023-11-30	8	8
348	72	2	2022-06-04	9	18
349	81	4	2023-11-29	7	15
350	54	3	2023-03-05	9	5
351	91	5	2022-06-13	5	19
352	7	3	2022-11-20	1	8
353	90	5	2022-08-07	7	17
354	56	1	2022-04-11	2	5
355	64	4	2022-06-30	4	15
356	95	2	2022-06-30	8	14
357	60	2	2023-03-11	5	3
358	67	2	2022-08-05	7	2
359	22	4	2023-04-11	8	10
360	99	5	2022-06-01	3	9
361	19	4	2022-11-17	3	19
362	40	4	2023-01-26	2	13
363	76	1	2023-05-24	4	14
364	43	1	2023-02-13	2	12
365	74	2	2023-07-22	7	19
366	92	3	2022-06-09	7	11
367	38	3	2023-12-09	2	17
368	11	4	2022-10-04	6	16
369	84	3	2022-10-28	7	2
370	81	3	2022-12-18	9	15
371	46	4	2023-01-11	8	3
372	52	4	2023-05-08	8	12
373	14	4	2022-10-29	1	3
374	43	5	2022-08-09	2	5
375	72	3	2022-12-24	8	2
376	9	1	2023-08-14	7	2
377	6	4	2023-07-10	5	13
378	45	5	2023-09-06	4	2
379	45	2	2022-11-02	5	6
380	47	2	2023-08-04	8	13
381	64	3	2023-03-30	7	8
382	13	3	2023-02-17	1	1
383	97	1	2022-04-27	5	3
384	66	3	2022-02-28	6	19
385	63	5	2022-11-04	2	17
386	30	3	2023-09-16	1	12
387	16	4	2023-11-05	7	1
388	56	5	2023-05-03	4	8
389	10	5	2022-09-28	5	13
390	87	2	2023-10-07	9	4
391	83	4	2022-03-09	5	8
392	82	2	2023-04-08	5	16
393	45	2	2023-11-15	7	8
394	70	2	2022-02-17	1	2
395	34	2	2022-05-17	4	16
396	100	2	2023-02-06	1	17
397	53	4	2023-02-10	1	12
398	35	2	2023-04-28	7	10
399	96	1	2022-04-23	2	17
400	27	5	2023-06-17	9	6
401	90	5	2022-05-23	6	1
402	26	3	2023-01-07	9	7
403	10	1	2023-04-04	7	14
404	23	2	2023-11-22	2	12
405	61	3	2022-07-21	4	10
406	51	3	2023-08-01	5	16
407	30	2	2023-08-25	3	1
408	82	5	2023-08-12	1	12
409	66	3	2023-07-25	10	18
410	23	1	2023-05-23	4	8
411	31	2	2022-10-31	2	1
412	29	4	2022-05-27	3	18
413	90	3	2022-11-29	1	11
414	25	1	2023-05-18	7	18
415	45	1	2022-03-13	2	11
416	14	3	2022-08-06	8	12
417	12	2	2022-07-07	9	19
418	56	4	2023-11-26	6	4
419	60	2	2023-04-14	4	15
420	60	3	2022-09-18	4	19
421	71	1	2022-09-13	4	7
422	28	4	2022-11-24	10	12
423	71	3	2022-01-17	6	4
424	77	4	2023-11-15	1	9
425	42	5	2023-02-14	1	8
426	17	5	2023-11-11	9	1
427	92	3	2023-11-03	1	11
428	33	3	2023-09-20	3	8
429	73	1	2023-03-13	1	15
430	61	5	2023-08-28	2	11
431	93	3	2022-12-23	10	6
432	49	2	2023-07-16	3	4
433	57	2	2022-03-18	7	6
434	16	4	2022-05-25	10	2
435	10	5	2023-06-10	8	3
436	13	1	2023-12-09	10	12
437	24	3	2023-10-01	8	10
438	51	2	2023-05-27	10	16
439	38	3	2022-05-31	7	12
440	24	5	2022-08-02	1	12
441	33	4	2022-08-26	3	13
442	63	2	2023-08-21	7	8
443	28	2	2022-03-30	9	13
444	55	4	2023-05-27	6	16
445	76	2	2023-12-21	10	13
446	6	1	2023-08-02	1	14
447	97	1	2023-09-13	8	15
448	48	4	2023-02-08	2	15
449	84	4	2023-12-08	6	1
450	75	5	2022-11-07	1	15
451	47	3	2023-12-07	2	10
452	68	5	2023-03-02	4	11
453	97	5	2023-10-03	7	14
454	61	4	2023-05-13	6	10
455	3	1	2023-04-29	3	11
456	89	2	2023-09-06	10	3
457	63	2	2022-01-05	10	2
458	16	2	2023-07-23	8	7
459	50	2	2022-04-25	6	9
460	60	2	2023-07-23	1	15
461	35	3	2023-10-16	2	10
462	23	2	2022-12-02	2	19
463	43	5	2022-10-31	6	11
464	36	1	2023-08-22	10	5
465	11	3	2023-02-26	9	13
466	26	4	2022-11-28	3	17
467	72	2	2023-02-06	3	14
468	66	1	2023-10-23	9	7
469	52	4	2022-06-28	5	16
470	18	3	2023-02-27	7	2
471	50	2	2022-08-15	2	3
472	34	2	2023-04-11	7	5
473	67	4	2023-01-04	5	10
474	20	3	2023-10-14	9	11
475	69	2	2023-03-06	7	1
476	16	3	2022-02-11	9	15
477	34	4	2023-07-15	6	9
478	5	1	2022-04-11	7	16
479	64	1	2023-02-20	7	8
480	35	1	2023-05-19	6	8
481	41	4	2022-03-02	3	17
482	11	5	2022-10-11	2	17
483	5	1	2023-11-30	7	19
484	23	1	2022-01-12	7	8
485	33	1	2023-03-12	10	2
486	82	1	2023-04-28	3	3
487	24	2	2023-06-06	5	13
488	24	1	2023-07-04	4	8
489	70	5	2022-08-21	4	4
490	77	1	2022-12-27	5	12
491	37	4	2022-12-27	7	19
492	17	4	2023-11-07	9	1
493	98	1	2022-11-20	1	12
494	66	4	2022-08-28	8	10
495	92	4	2023-06-17	7	1
496	41	3	2022-07-09	8	4
497	73	1	2023-01-07	7	19
498	84	3	2023-05-05	9	4
499	86	4	2023-09-28	6	13
500	62	4	2023-06-09	6	14
501	97	4	2022-07-29	10	3
502	23	5	2023-08-06	6	15
503	7	5	2022-04-05	4	10
504	99	4	2022-12-16	10	5
505	66	2	2022-10-10	5	17
506	70	1	2023-11-09	4	3
507	65	3	2023-05-24	7	6
508	4	1	2022-12-05	4	18
509	6	4	2023-02-28	6	2
510	73	3	2022-10-30	8	15
511	76	2	2022-07-02	3	8
512	71	3	2022-04-01	6	5
513	16	3	2022-04-21	1	16
514	21	2	2023-10-08	5	18
515	90	4	2023-08-20	4	4
516	38	1	2022-10-13	6	1
517	66	4	2022-12-10	1	16
518	94	4	2023-07-26	6	17
519	16	5	2022-05-16	1	15
520	40	4	2023-08-09	7	2
521	40	2	2023-09-18	1	10
522	44	5	2022-04-19	7	11
523	42	5	2022-02-16	6	8
524	26	4	2022-08-18	1	8
525	50	1	2023-12-29	4	16
526	32	2	2023-08-14	4	12
527	9	2	2023-03-22	2	6
528	3	2	2022-11-20	5	18
529	71	4	2022-08-24	9	7
530	89	3	2023-09-10	7	16
531	44	1	2022-01-23	4	12
532	38	3	2023-02-15	5	8
533	59	3	2023-09-12	10	16
534	83	3	2022-02-09	1	14
535	75	1	2023-06-02	4	3
536	94	4	2023-11-10	10	13
537	93	4	2023-07-02	10	6
538	83	4	2022-08-20	3	9
539	89	3	2022-05-07	10	4
540	12	2	2023-11-01	10	14
541	21	4	2022-02-19	10	8
542	83	5	2022-05-01	7	11
543	29	5	2023-07-05	3	11
544	3	4	2022-09-16	9	12
545	75	5	2023-01-27	10	9
546	14	1	2022-07-20	9	1
547	99	3	2023-09-10	7	5
548	40	2	2023-07-26	6	12
549	24	3	2022-02-11	5	5
550	64	5	2022-07-09	7	7
551	39	5	2022-08-27	2	13
552	87	3	2022-11-15	5	5
553	38	2	2023-09-04	9	9
554	6	5	2022-09-14	10	5
555	99	5	2022-03-25	8	13
556	76	2	2022-02-20	5	11
557	40	1	2022-03-09	3	16
558	13	1	2023-06-03	7	12
559	78	5	2022-10-28	4	19
560	87	5	2023-03-05	5	5
561	99	1	2023-12-17	7	3
562	44	5	2023-08-12	8	10
563	17	5	2022-01-27	5	9
564	70	4	2022-10-09	8	15
565	10	5	2023-04-16	9	3
566	16	3	2022-07-08	7	18
567	99	4	2023-09-19	9	9
568	21	1	2022-02-04	3	15
569	66	1	2022-02-07	10	1
570	7	5	2022-02-22	10	16
571	73	2	2022-10-10	2	1
572	21	4	2023-05-13	1	12
573	74	4	2023-05-13	9	4
574	42	5	2023-01-16	1	9
575	6	5	2023-06-03	8	6
576	70	5	2022-08-06	1	6
577	74	5	2023-02-28	5	1
578	22	1	2022-06-23	4	13
579	14	3	2023-05-03	6	5
580	92	2	2023-07-13	1	18
581	55	2	2023-02-15	3	5
582	78	3	2022-01-26	10	12
583	26	3	2023-12-20	2	16
584	76	2	2023-11-04	5	8
585	9	1	2023-01-07	1	19
586	74	4	2022-08-13	3	19
587	13	5	2023-08-20	7	9
588	58	5	2023-05-13	10	18
589	1	1	2022-05-13	8	11
590	2	5	2023-01-29	5	12
591	64	4	2023-05-13	8	18
592	23	3	2022-02-10	7	3
593	26	4	2022-07-11	4	17
594	35	3	2022-12-15	4	5
595	62	1	2023-01-01	8	8
596	34	5	2023-12-08	6	10
597	11	2	2023-04-13	8	11
598	94	2	2022-07-02	6	16
599	77	2	2022-04-16	7	3
600	7	3	2022-12-05	10	15
601	7	1	2022-03-03	3	19
602	9	5	2022-02-23	10	9
603	31	1	2023-01-27	10	6
604	61	3	2023-10-13	6	19
605	7	1	2022-03-14	10	13
606	31	3	2022-04-17	6	2
607	9	3	2023-02-06	5	13
608	41	1	2023-01-02	10	4
609	96	1	2023-10-15	2	8
610	20	3	2023-12-24	9	3
611	15	2	2022-04-20	2	12
612	79	1	2023-03-26	6	18
613	75	5	2022-05-06	9	14
614	81	1	2023-12-04	3	19
615	11	1	2023-07-12	9	3
616	46	4	2022-01-29	10	7
617	65	5	2023-08-20	1	11
618	34	3	2022-12-06	5	15
619	90	1	2023-04-01	8	6
620	19	5	2023-05-17	2	15
621	54	1	2023-03-25	8	10
622	78	4	2022-01-15	7	3
623	100	3	2022-09-17	8	6
624	48	4	2023-08-02	8	5
625	4	1	2023-04-25	10	10
626	77	3	2022-07-30	8	5
627	41	1	2022-12-17	5	11
628	34	1	2022-07-04	8	10
629	17	1	2023-06-03	7	1
630	48	3	2023-10-09	8	6
631	40	2	2022-04-02	7	5
632	2	4	2023-03-22	4	6
633	6	2	2022-08-16	1	4
634	73	5	2023-08-29	3	14
635	46	4	2022-03-13	10	9
636	67	3	2023-08-08	4	17
637	20	4	2022-01-18	9	14
638	69	1	2022-05-04	7	14
639	39	2	2023-12-22	1	13
640	22	1	2022-03-06	9	6
641	19	2	2022-08-21	9	1
642	37	4	2022-05-05	6	12
643	34	5	2023-08-07	4	6
644	40	5	2022-12-07	8	2
645	98	5	2022-10-11	8	4
646	46	5	2022-09-16	5	1
647	43	4	2022-01-08	2	6
648	44	5	2022-03-04	7	1
649	86	1	2023-06-23	7	13
650	63	5	2023-11-17	5	17
651	55	4	2022-02-18	1	1
652	56	1	2023-08-02	1	9
653	60	1	2022-02-06	7	17
654	56	1	2023-05-06	8	1
655	14	2	2022-03-11	6	10
656	99	3	2023-11-14	2	17
657	83	4	2023-12-16	8	16
658	56	3	2023-12-15	1	9
659	78	4	2022-12-24	1	9
660	76	4	2022-06-22	9	4
661	33	2	2022-08-26	1	14
662	84	3	2023-11-10	6	7
663	26	3	2022-01-09	7	1
664	59	5	2022-03-14	3	13
665	49	3	2022-03-07	9	13
666	63	3	2023-10-04	3	2
667	71	1	2022-03-13	7	19
668	67	3	2023-11-27	9	8
669	89	2	2022-12-23	7	1
670	33	4	2022-04-07	5	19
671	100	5	2022-05-23	1	14
672	82	3	2022-04-27	7	6
673	20	4	2022-02-06	6	5
674	54	4	2022-11-24	4	11
675	26	2	2023-04-13	4	14
676	10	2	2023-09-12	2	13
677	24	4	2022-03-28	8	17
678	65	5	2022-04-28	4	16
679	77	4	2023-12-08	3	8
680	92	4	2022-08-29	8	6
681	7	5	2022-03-12	9	14
682	17	1	2023-04-07	10	3
683	59	1	2022-08-08	2	10
684	54	1	2022-08-15	4	3
685	89	1	2023-03-28	7	7
686	99	4	2022-08-09	4	6
687	84	2	2022-05-06	8	4
688	48	2	2023-12-06	1	18
689	97	5	2023-12-30	10	10
690	85	1	2022-08-09	1	16
691	25	5	2023-05-03	7	14
692	44	3	2022-01-30	2	3
693	11	1	2023-01-03	10	19
694	69	4	2023-10-10	6	17
695	27	3	2022-05-23	7	2
696	16	4	2023-11-02	3	6
697	73	2	2023-08-30	9	4
698	27	4	2022-03-17	1	10
699	23	2	2022-10-10	6	2
700	12	3	2022-06-09	6	17
701	22	4	2023-09-19	2	4
702	55	1	2023-10-28	8	1
703	19	1	2022-11-29	9	18
704	82	1	2022-03-03	10	19
705	76	3	2022-02-20	7	2
706	79	4	2023-12-04	6	16
707	1	1	2022-08-10	8	1
708	18	5	2022-09-21	1	5
709	48	1	2022-01-29	10	9
710	78	4	2023-12-08	2	9
711	18	4	2022-02-11	9	4
712	32	4	2022-01-09	10	17
713	46	2	2023-08-04	2	15
714	86	2	2023-02-22	7	15
715	62	4	2023-08-14	8	17
716	96	3	2023-04-10	5	6
717	49	4	2022-02-06	10	10
718	9	1	2022-11-16	7	6
719	42	2	2022-03-20	5	6
720	11	1	2022-02-03	10	3
721	92	4	2023-10-04	8	7
722	15	5	2022-04-26	8	1
723	75	3	2023-07-25	2	5
724	85	3	2022-02-22	5	18
725	44	2	2023-12-12	7	14
726	79	1	2022-12-30	5	19
727	25	2	2022-02-14	9	12
728	20	4	2022-07-25	5	3
729	42	3	2023-03-08	4	3
730	100	1	2022-04-21	1	15
731	42	2	2022-10-17	1	12
732	59	2	2023-01-03	5	5
733	27	2	2023-10-29	6	1
734	38	1	2023-11-05	3	4
735	44	2	2022-06-06	8	18
736	82	2	2022-04-19	7	8
737	10	3	2022-10-04	3	2
738	7	5	2022-02-10	2	16
739	99	5	2022-04-26	8	15
740	93	1	2022-01-17	5	13
741	51	2	2023-05-26	2	7
742	32	5	2023-06-14	5	3
743	61	1	2023-07-04	1	9
744	67	2	2022-01-21	5	18
745	11	4	2022-01-27	1	12
746	99	3	2023-11-18	2	7
747	57	3	2022-10-30	3	2
748	34	4	2022-12-02	9	18
749	1	3	2022-03-23	9	3
750	15	4	2022-11-12	3	19
751	30	5	2022-09-08	9	8
752	36	1	2023-02-22	5	15
753	61	5	2023-08-03	2	12
754	21	3	2022-03-14	8	3
755	80	3	2023-07-19	9	8
756	43	4	2023-11-26	1	11
757	42	1	2023-06-19	4	7
758	98	5	2023-12-03	7	19
759	31	1	2023-04-12	4	16
760	19	5	2023-07-25	4	11
761	6	4	2023-07-16	9	18
762	9	2	2022-03-18	6	5
763	17	1	2022-12-20	8	14
764	92	3	2022-06-15	5	13
765	29	4	2023-11-12	1	7
766	98	1	2023-07-13	1	4
767	3	2	2023-11-03	8	14
768	54	3	2023-07-12	1	7
769	16	3	2023-05-21	5	17
770	45	2	2023-03-19	1	7
771	48	2	2023-03-22	1	14
772	87	3	2022-09-28	3	1
773	75	1	2022-10-03	4	3
774	38	4	2023-06-29	7	17
775	29	2	2022-05-04	6	16
776	25	5	2023-03-19	4	7
777	97	1	2023-01-18	4	11
778	6	1	2022-09-19	7	17
779	13	3	2023-07-29	5	17
780	71	1	2023-12-28	3	15
781	92	5	2023-04-05	6	4
782	49	4	2023-06-10	1	9
783	26	4	2023-05-22	2	12
784	55	3	2023-09-21	8	14
785	63	1	2023-01-15	3	1
786	93	5	2022-05-06	1	2
787	82	2	2023-11-18	4	17
788	22	4	2023-03-08	10	12
789	39	4	2022-06-24	3	5
790	75	3	2022-11-08	4	3
791	71	4	2023-02-16	10	12
792	57	2	2022-12-24	9	1
793	18	5	2022-08-30	2	12
794	20	5	2023-10-06	9	5
795	4	5	2022-11-20	10	11
796	11	2	2022-03-10	1	11
797	77	1	2023-06-09	1	8
798	4	2	2022-01-02	6	9
799	4	5	2022-03-22	3	7
800	87	3	2022-10-24	8	12
801	38	5	2022-03-27	10	19
802	2	2	2022-03-22	6	7
803	48	2	2022-01-28	8	7
804	78	5	2022-10-14	3	19
805	34	5	2022-12-29	6	13
806	80	1	2023-01-20	1	12
807	92	4	2023-10-03	8	3
808	18	4	2023-06-05	5	16
809	15	3	2023-07-16	1	15
810	24	1	2022-08-20	9	11
811	54	5	2022-12-15	5	16
812	6	4	2023-05-15	6	3
813	28	2	2023-11-30	6	10
814	88	2	2023-04-16	2	3
815	94	1	2023-10-18	9	8
816	98	3	2023-04-09	4	10
817	48	3	2023-01-04	3	13
818	78	1	2022-07-16	1	3
819	30	5	2022-11-18	3	5
820	44	2	2022-08-03	6	14
821	100	1	2023-07-04	5	8
822	8	2	2022-10-29	3	19
823	58	5	2022-05-07	2	4
824	82	5	2023-07-04	5	5
825	99	2	2023-07-19	1	9
826	9	2	2022-02-22	3	15
827	9	3	2022-11-25	2	18
828	40	2	2023-12-19	4	15
829	34	4	2022-01-21	1	15
830	24	3	2022-04-19	4	13
831	15	2	2023-03-27	9	1
832	87	3	2022-10-11	1	8
833	88	4	2023-05-15	4	9
834	72	1	2023-06-09	4	10
835	49	3	2023-03-19	8	15
836	20	4	2022-12-14	2	14
837	73	2	2023-01-05	4	15
838	94	5	2022-07-16	4	2
839	74	2	2022-02-20	7	16
840	100	1	2022-01-11	8	14
841	68	3	2022-08-02	10	8
842	53	4	2022-07-25	2	1
843	24	5	2022-06-02	10	4
844	11	3	2022-11-24	1	12
845	81	5	2022-01-05	4	6
846	30	3	2022-06-03	7	3
847	76	2	2022-09-08	2	19
848	92	5	2023-07-27	9	7
849	61	4	2023-02-15	3	10
850	11	5	2023-06-29	9	19
851	100	3	2022-04-02	6	15
852	15	4	2022-02-17	8	15
853	11	2	2023-09-25	6	2
854	61	3	2022-06-11	1	9
855	75	5	2023-06-22	6	2
856	79	2	2022-12-22	9	9
857	84	2	2022-04-22	10	9
858	13	4	2023-03-13	7	6
859	35	5	2023-12-18	6	16
860	32	5	2022-11-21	10	9
861	73	5	2023-11-16	5	9
862	30	1	2023-01-07	1	16
863	67	5	2022-08-27	6	14
864	78	2	2023-12-21	6	11
865	56	4	2023-05-18	1	11
866	29	1	2023-06-23	1	6
867	38	2	2023-10-07	2	9
868	66	4	2023-10-03	3	7
869	81	3	2022-12-15	2	10
870	97	3	2022-02-22	1	13
871	37	1	2023-02-02	4	1
872	66	5	2023-03-29	2	4
873	43	5	2023-03-06	1	15
874	25	2	2023-02-04	10	12
875	63	1	2023-09-18	7	4
876	79	1	2023-01-22	8	4
877	16	4	2022-04-23	3	17
878	71	2	2022-09-10	9	1
879	35	4	2022-11-28	1	10
880	10	5	2022-05-29	6	8
881	33	5	2022-10-15	7	12
882	94	1	2022-04-09	9	18
883	16	4	2022-03-09	8	1
884	93	5	2023-11-20	9	3
885	43	1	2023-01-09	6	13
886	84	5	2022-08-16	1	1
887	72	3	2023-01-28	8	10
888	87	5	2022-01-12	5	18
889	56	4	2023-04-02	8	14
890	71	2	2023-12-30	5	13
891	30	3	2023-11-30	2	14
892	54	4	2023-03-01	3	1
893	95	2	2023-12-10	4	9
894	80	3	2023-05-01	7	19
895	20	5	2022-10-29	6	8
896	27	3	2023-03-22	7	4
897	11	4	2022-03-11	8	1
898	85	2	2023-12-31	10	17
899	11	1	2022-11-06	8	18
900	48	2	2022-09-24	3	7
901	63	2	2022-06-25	1	1
902	79	5	2023-08-18	2	3
903	53	2	2023-12-26	4	7
904	4	4	2023-09-27	9	8
905	31	4	2023-01-18	5	11
906	91	3	2023-06-29	9	15
907	28	5	2023-04-20	2	4
908	79	1	2023-10-03	1	10
909	20	1	2023-09-16	3	16
910	45	5	2022-03-16	2	17
911	67	4	2022-08-25	6	17
912	37	2	2022-02-06	2	16
913	62	1	2023-01-29	6	13
914	50	1	2022-05-24	4	19
915	15	2	2022-01-27	10	10
916	82	5	2022-08-22	2	3
917	64	4	2023-12-02	3	1
918	52	4	2023-01-25	1	17
919	96	5	2022-10-04	1	2
920	30	5	2022-08-20	1	15
921	90	5	2023-10-28	6	10
922	82	4	2023-05-04	2	16
923	53	1	2022-11-12	5	17
924	82	3	2022-01-01	9	17
925	14	5	2022-02-12	3	12
926	91	4	2022-01-28	10	2
927	23	3	2022-07-15	8	13
928	26	4	2022-08-25	10	11
929	11	4	2023-11-16	3	19
930	41	2	2022-07-14	4	19
931	88	4	2023-10-15	9	4
932	9	1	2022-03-09	9	7
933	28	4	2023-05-03	1	2
934	32	4	2023-08-23	3	12
935	37	5	2023-04-29	8	3
936	79	4	2022-02-13	3	2
937	16	3	2022-05-17	3	18
938	19	2	2023-06-13	10	7
939	44	2	2022-05-30	9	11
940	24	4	2023-09-16	10	16
941	7	5	2022-05-27	4	15
942	67	4	2022-07-08	10	1
943	96	4	2023-04-18	8	9
944	38	2	2022-05-13	8	15
945	19	1	2023-05-13	8	12
946	48	4	2022-10-19	3	17
947	38	1	2022-01-19	8	18
948	87	2	2022-02-27	8	5
949	32	4	2022-07-13	6	14
950	7	2	2022-04-24	8	16
951	15	4	2022-07-26	10	2
952	56	2	2022-10-02	9	3
953	86	5	2022-12-05	8	8
954	79	2	2022-09-11	4	6
955	45	5	2022-06-19	2	6
956	53	5	2023-10-20	8	18
957	66	2	2022-09-29	3	4
958	17	2	2022-11-30	9	10
959	2	2	2022-11-02	2	3
960	39	1	2022-03-27	6	19
961	35	4	2022-06-23	3	9
962	33	3	2022-11-04	7	8
963	51	2	2023-02-21	10	1
964	70	5	2023-10-11	9	3
965	19	3	2022-01-16	4	3
966	34	4	2022-12-15	10	3
967	76	5	2022-05-12	2	9
968	37	3	2022-03-22	6	4
969	14	2	2023-07-02	10	8
970	2	3	2022-03-15	7	12
971	100	4	2023-11-29	10	19
972	25	5	2023-07-22	5	12
973	68	1	2022-04-22	2	17
974	80	1	2023-10-31	2	19
975	26	1	2023-10-14	7	4
976	85	4	2022-04-21	1	5
977	99	4	2022-02-20	8	2
978	2	2	2022-02-28	10	13
979	10	1	2023-04-01	4	1
980	17	1	2022-03-22	1	10
981	39	2	2023-04-24	10	17
982	79	4	2022-10-29	7	8
983	43	5	2022-08-30	10	18
984	47	5	2022-04-24	10	15
985	3	2	2023-05-10	10	13
986	50	2	2022-07-17	8	1
987	12	5	2023-07-21	3	13
988	10	5	2023-09-09	3	19
989	11	5	2022-04-27	10	9
990	82	5	2022-11-06	7	15
991	5	5	2022-11-10	4	19
992	67	5	2023-01-30	6	7
993	67	3	2023-06-04	1	9
994	33	2	2022-08-23	4	3
995	30	5	2022-01-25	7	6
996	98	4	2022-07-25	5	11
997	73	2	2022-09-03	10	9
998	23	4	2022-03-19	4	10
999	91	2	2023-05-05	3	5
1000	10	4	2022-11-20	10	7
1001	56	5	2022-08-08	7	9
1002	34	5	2022-06-27	10	12
1003	46	5	2023-08-13	7	9
1004	14	4	2023-02-28	1	4
1005	26	2	2022-08-21	9	10
1006	56	4	2023-03-21	3	3
1007	48	2	2023-07-03	6	5
1008	69	3	2022-07-12	9	8
1009	78	5	2023-08-31	6	19
1010	96	2	2023-07-28	6	12
1011	39	1	2022-09-04	4	16
1012	26	5	2022-12-02	7	17
1013	25	1	2022-06-18	2	10
1014	70	1	2022-04-05	8	4
1015	29	5	2022-06-30	10	10
1016	5	2	2022-08-29	7	9
1017	6	3	2023-10-21	4	13
1018	3	1	2023-08-01	6	11
1019	29	5	2022-03-21	5	18
1020	87	4	2022-07-22	1	12
1021	64	1	2022-09-06	6	7
1022	33	4	2023-05-29	8	5
1023	15	4	2023-04-12	5	1
1024	67	5	2022-09-24	1	13
1025	8	4	2022-02-01	4	3
1026	66	2	2022-08-26	6	15
1027	92	3	2022-01-14	8	14
1028	36	1	2023-12-27	5	1
1029	33	1	2022-01-13	5	3
1030	96	2	2022-10-02	2	16
1031	77	3	2023-11-07	7	11
1032	29	5	2022-08-07	1	7
1033	37	2	2023-10-09	1	2
1034	97	1	2023-11-10	10	3
1035	78	3	2022-11-25	8	16
1036	39	3	2023-12-04	10	15
1037	54	1	2022-08-22	1	14
1038	19	1	2023-11-19	7	2
1039	70	4	2023-12-12	3	15
1040	31	5	2022-02-09	4	10
1041	47	1	2022-07-19	3	6
1042	11	1	2023-08-24	9	12
1043	64	2	2022-10-04	8	5
1044	36	2	2023-07-11	2	11
1045	52	4	2022-02-08	4	18
1046	98	2	2022-01-15	4	3
1047	99	1	2022-08-04	4	17
1048	85	1	2022-08-13	1	5
1049	87	1	2022-09-19	8	11
1050	29	4	2022-03-29	2	11
1051	76	2	2022-01-16	1	13
1052	94	2	2023-08-14	4	16
1053	39	4	2023-01-22	4	8
1054	21	3	2023-04-06	6	12
1055	79	3	2022-03-12	10	3
1056	53	3	2023-09-19	3	6
1057	28	3	2022-08-22	5	12
1058	14	3	2022-12-05	3	6
1059	32	1	2023-05-31	9	19
1060	70	2	2022-09-05	9	3
1061	82	3	2022-02-12	2	4
1062	86	5	2022-06-20	6	10
1063	46	5	2022-06-05	8	6
1064	89	5	2023-07-25	4	2
1065	17	5	2023-11-11	8	7
1066	28	4	2022-05-13	8	12
1067	65	2	2023-09-01	9	7
1068	59	3	2022-09-10	2	2
1069	33	1	2022-11-05	6	8
1070	91	4	2022-12-15	7	12
1071	34	4	2023-05-07	7	1
1072	78	2	2022-01-02	1	11
1073	20	2	2023-04-03	1	6
1074	59	2	2023-01-31	7	13
1075	93	5	2022-05-29	7	14
1076	25	2	2023-01-26	10	5
1077	33	1	2022-07-08	1	10
1078	32	1	2023-01-23	4	7
1079	95	1	2023-12-12	9	17
1080	87	1	2022-12-19	9	7
1081	66	3	2023-04-16	8	9
1082	67	5	2023-04-15	5	3
1083	2	1	2023-11-08	8	8
1084	91	5	2022-10-18	10	2
1085	23	1	2023-02-26	10	2
1086	59	1	2023-02-03	4	4
1087	35	4	2022-06-22	6	1
1088	88	2	2023-03-27	5	16
1089	4	3	2023-01-05	4	13
1090	10	1	2023-08-14	9	9
1091	94	2	2022-01-16	10	12
1092	94	4	2022-12-15	2	12
1093	47	4	2023-01-31	3	2
1094	8	1	2023-04-12	1	19
1095	25	2	2022-01-30	5	12
1096	33	2	2023-12-08	7	3
1097	86	2	2022-12-05	7	6
1098	86	5	2023-10-06	10	18
1099	48	4	2022-02-28	8	2
1100	11	5	2023-03-19	7	13
1101	15	5	2022-07-13	9	14
1102	28	3	2023-10-17	1	18
1103	100	4	2023-04-03	10	7
1104	6	5	2023-02-02	4	6
1105	80	5	2023-01-10	10	10
1106	31	2	2022-05-17	3	4
1107	90	4	2023-06-10	3	18
1108	25	4	2023-02-25	2	15
1109	76	3	2022-07-09	7	9
1110	49	2	2022-04-30	2	19
1111	81	2	2022-07-29	2	3
1112	78	1	2022-01-11	3	16
1113	76	1	2022-05-12	9	10
1114	34	3	2022-11-15	9	17
1115	63	5	2023-01-15	6	12
1116	96	5	2022-01-19	7	2
1117	81	3	2022-09-15	4	8
1118	32	1	2022-02-18	9	7
1119	31	4	2022-08-04	1	18
1120	27	2	2022-06-12	9	9
1121	90	3	2022-09-17	8	9
1122	31	4	2022-01-09	2	2
1123	9	5	2023-10-20	2	16
1124	28	5	2022-04-09	10	1
1125	73	3	2022-10-11	1	3
1126	75	2	2022-09-05	4	18
1127	27	1	2023-07-17	8	5
1128	56	5	2023-08-02	8	5
1129	23	2	2023-05-14	6	3
1130	66	5	2023-05-17	1	13
1131	93	2	2023-03-27	9	4
1132	9	3	2023-08-05	8	7
1133	29	2	2023-10-17	7	9
1134	33	4	2022-07-25	5	11
1135	5	5	2023-04-03	3	7
1136	42	2	2022-09-25	4	6
1137	92	1	2023-10-21	7	13
1138	55	2	2022-03-06	9	15
1139	54	1	2023-02-14	7	15
1140	94	3	2022-05-11	5	4
1141	51	5	2022-05-11	6	5
1142	27	5	2023-03-31	8	3
1143	40	2	2023-05-28	7	7
1144	16	5	2022-11-07	1	6
1145	56	5	2023-02-28	7	2
1146	58	5	2023-06-25	4	15
1147	58	4	2023-10-31	7	5
1148	86	5	2022-07-23	2	6
1149	68	5	2022-02-03	6	1
1150	3	2	2022-02-09	7	15
1151	63	2	2023-09-28	3	17
1152	64	4	2023-01-30	10	16
1153	77	5	2023-12-22	1	8
1154	77	2	2022-06-10	10	9
1155	39	3	2022-09-30	2	15
1156	5	1	2023-02-03	6	3
1157	75	1	2022-11-17	4	2
1158	68	3	2023-06-30	10	5
1159	45	5	2023-02-04	9	14
1160	19	3	2022-08-22	3	7
1161	37	1	2022-08-16	8	18
1162	6	1	2023-05-02	6	14
1163	14	3	2022-10-17	3	16
1164	38	5	2023-12-08	4	13
1165	65	5	2023-01-07	1	14
1166	53	4	2023-08-31	9	12
1167	53	5	2022-07-18	8	1
1168	95	3	2022-12-13	2	4
1169	22	3	2022-01-10	2	6
1170	24	4	2023-05-18	2	1
1171	35	4	2022-06-21	7	18
1172	59	3	2023-12-25	4	19
1173	5	2	2022-03-23	4	17
1174	100	1	2023-02-01	8	11
1175	23	2	2022-07-09	6	5
1176	86	1	2023-01-08	6	11
1177	9	5	2023-07-25	5	16
1178	8	3	2022-06-17	6	4
1179	18	5	2022-03-06	6	7
1180	72	3	2022-08-17	3	16
1181	82	4	2023-10-09	8	12
1182	48	4	2022-09-30	4	1
1183	83	2	2022-11-29	6	2
1184	99	3	2022-02-27	3	14
1185	47	4	2022-07-18	1	2
1186	82	5	2022-11-09	2	3
1187	61	2	2022-06-18	2	18
1188	15	4	2023-04-26	9	16
1189	50	2	2022-10-31	6	15
1190	41	1	2023-07-07	3	13
1191	90	1	2023-10-03	8	4
1192	58	5	2022-03-23	9	3
1193	67	4	2022-05-05	7	7
1194	8	5	2023-08-27	3	2
1195	85	5	2023-10-15	1	19
1196	98	3	2022-03-19	2	18
1197	45	3	2022-06-27	5	9
1198	17	1	2023-11-10	5	15
1199	34	4	2023-05-18	7	9
1200	83	2	2022-06-07	4	4
1201	13	5	2022-05-07	10	1
1202	9	5	2023-10-11	7	1
1203	2	1	2022-07-01	3	19
1204	50	5	2022-04-24	9	16
1205	12	1	2022-04-24	1	18
1206	79	4	2023-11-18	10	11
1207	58	4	2022-09-03	5	18
1208	67	4	2023-11-05	6	14
1209	33	2	2022-09-05	10	9
1210	8	3	2023-07-14	7	5
1211	82	5	2023-05-31	4	19
1212	91	5	2022-02-05	3	7
1213	45	2	2022-03-13	9	19
1214	90	3	2022-04-20	9	16
1215	73	2	2022-01-14	3	2
1216	22	4	2023-10-05	5	2
1217	96	5	2022-12-01	4	3
1218	70	5	2023-09-12	5	12
1219	85	2	2022-10-14	2	12
1220	30	1	2022-07-12	4	11
1221	7	4	2022-01-04	5	17
1222	66	3	2022-01-09	5	13
1223	14	1	2022-07-31	9	15
1224	96	5	2023-04-19	4	10
1225	51	5	2023-01-26	8	8
1226	30	2	2023-03-02	2	5
1227	4	4	2022-07-12	4	16
1228	39	2	2023-12-07	1	5
1229	99	2	2023-05-07	6	12
1230	85	3	2022-04-03	5	7
1231	79	4	2023-10-03	3	9
1232	81	3	2023-09-17	7	9
1233	67	2	2023-04-21	9	18
1234	43	4	2023-08-06	6	10
1235	100	4	2023-04-15	6	5
1236	49	1	2023-02-17	4	5
1237	3	2	2022-01-06	10	8
1238	40	1	2023-02-07	1	13
1239	25	3	2023-07-16	6	2
1240	46	5	2022-03-02	10	13
1241	58	5	2023-07-29	2	6
1242	34	4	2022-06-16	2	4
1243	1	3	2023-02-21	2	4
1244	21	5	2023-08-02	2	17
1245	15	1	2022-08-23	10	7
1246	37	2	2022-11-28	7	7
1247	92	1	2023-07-11	6	7
1248	74	5	2023-05-19	3	12
1249	34	5	2023-04-02	9	14
1250	13	3	2022-11-19	5	1
1251	76	1	2022-12-19	2	2
1252	51	3	2022-09-03	3	10
1253	68	4	2023-01-03	6	9
1254	71	4	2022-04-30	6	18
1255	47	2	2023-01-18	1	4
1256	94	4	2022-02-20	2	4
1257	42	3	2023-11-02	5	5
1258	79	3	2023-10-24	3	12
1259	51	1	2023-07-02	9	15
1260	73	1	2023-05-20	7	10
1261	46	3	2023-09-13	5	1
1262	49	3	2023-03-21	8	4
1263	25	4	2023-07-02	6	16
1264	55	4	2023-08-13	3	17
1265	100	4	2022-04-25	10	7
1266	83	5	2023-10-25	2	8
1267	80	5	2023-08-18	1	18
1268	14	4	2022-05-05	1	9
1269	60	1	2023-05-04	8	3
1270	97	2	2023-05-27	9	11
1271	64	3	2022-10-06	6	10
1272	6	2	2023-12-14	5	17
1273	19	4	2023-02-28	7	5
1274	30	3	2022-03-26	3	14
1275	19	1	2022-06-15	5	18
1276	37	5	2023-07-10	7	13
1277	56	4	2023-01-16	4	19
1278	56	1	2022-03-28	6	19
1279	40	2	2023-06-28	10	11
1280	41	3	2023-08-06	4	17
1281	54	4	2023-03-16	7	19
1282	6	4	2023-10-18	4	17
1283	92	4	2022-09-01	6	7
1284	22	4	2022-06-16	3	9
1285	39	1	2022-06-22	2	5
1286	68	2	2023-10-03	8	3
1287	43	1	2023-04-02	6	5
1288	28	1	2022-09-23	10	10
1289	34	1	2022-02-26	7	11
1290	71	2	2023-09-13	1	1
1291	89	3	2022-10-21	2	9
1292	95	4	2022-11-30	5	10
1293	39	3	2023-08-19	1	17
1294	27	4	2023-03-29	9	5
1295	75	2	2022-01-31	10	17
1296	86	2	2022-02-27	10	11
1297	39	2	2022-07-01	3	18
1298	90	1	2022-04-05	7	17
1299	68	1	2022-01-24	1	19
1300	93	1	2022-08-28	10	2
1301	97	3	2023-04-29	7	15
1302	42	2	2022-09-24	3	16
1303	10	3	2023-05-10	2	12
1304	59	4	2023-08-26	7	7
1305	44	4	2023-01-18	9	9
1306	53	2	2023-11-09	8	2
1307	92	5	2023-11-22	3	12
1308	87	3	2022-09-17	4	16
1309	46	4	2022-11-07	1	11
1310	30	4	2022-04-13	2	16
1311	10	2	2023-11-29	4	8
1312	93	4	2022-05-16	4	13
1313	80	1	2022-12-03	5	4
1314	42	1	2023-07-07	1	14
1315	91	4	2023-08-30	9	19
1316	41	1	2023-07-21	5	9
1317	76	4	2023-05-09	6	7
1318	26	3	2023-11-18	1	16
1319	58	1	2022-01-03	7	2
1320	60	1	2022-12-25	4	8
1321	68	1	2022-01-27	2	15
1322	3	3	2023-12-19	5	1
1323	83	3	2022-09-14	5	3
1324	53	2	2022-04-03	2	17
1325	42	5	2023-07-11	2	17
1326	22	2	2023-08-22	7	7
1327	68	1	2023-05-02	4	13
1328	57	1	2022-10-15	10	4
1329	7	2	2023-04-13	8	6
1330	6	2	2022-04-09	6	13
1331	50	4	2023-03-18	3	5
1332	27	4	2022-05-17	1	8
1333	23	3	2022-08-17	9	11
1334	52	1	2022-02-26	10	15
1335	78	1	2022-02-06	3	15
1336	89	3	2022-04-10	10	4
1337	50	4	2023-01-08	7	19
1338	12	3	2023-06-15	9	11
1339	99	5	2022-02-06	4	11
1340	72	1	2022-05-12	4	7
1341	55	1	2022-05-30	5	10
1342	9	5	2022-10-13	5	2
1343	12	5	2023-06-04	7	4
1344	39	3	2023-10-13	4	10
1345	56	2	2022-10-22	4	1
1346	62	5	2023-02-19	5	8
1347	74	1	2023-05-29	5	13
1348	25	3	2023-01-13	4	1
1349	88	5	2023-01-30	3	8
1350	24	5	2022-07-15	4	8
1351	30	3	2023-07-28	3	9
1352	68	2	2022-07-29	5	8
1353	76	3	2022-05-05	4	8
1354	44	4	2022-09-12	3	6
1355	96	4	2023-04-01	7	12
1356	97	4	2022-07-25	3	7
1357	69	1	2022-08-27	1	1
1358	65	2	2023-12-15	5	18
1359	18	2	2023-07-23	5	9
1360	86	4	2023-05-31	1	9
1361	1	3	2023-10-20	5	16
1362	95	1	2022-06-10	3	13
1363	9	5	2022-08-01	8	12
1364	64	3	2023-03-13	3	7
1365	73	3	2022-10-11	9	1
1366	30	3	2022-04-01	3	6
1367	71	1	2022-06-26	6	13
1368	85	4	2022-12-17	2	9
1369	62	5	2022-04-08	5	4
1370	45	1	2023-04-15	10	9
1371	71	4	2022-02-02	4	14
1372	74	5	2023-02-18	1	17
1373	49	5	2023-06-30	1	9
1374	78	5	2023-03-25	7	17
1375	46	5	2023-04-14	6	8
1376	61	1	2023-07-14	4	2
1377	99	3	2022-08-06	4	8
1378	94	1	2022-07-20	7	14
1379	11	1	2023-12-30	4	19
1380	38	4	2023-09-19	3	16
1381	40	5	2022-04-18	10	9
1382	94	2	2022-03-18	9	5
1383	94	5	2023-08-09	9	11
1384	8	4	2022-08-17	3	10
1385	70	2	2023-03-10	7	6
1386	30	5	2023-01-19	7	16
1387	50	2	2022-03-26	1	3
1388	100	3	2022-03-03	1	10
1389	57	5	2022-02-11	3	3
1390	27	1	2022-11-22	4	16
1391	20	2	2023-10-18	5	1
1392	72	5	2022-10-16	2	8
1393	68	5	2023-12-14	4	11
1394	11	3	2022-10-10	4	11
1395	100	1	2023-01-07	1	15
1396	87	4	2023-06-15	8	5
1397	70	4	2022-01-18	3	2
1398	53	1	2022-09-17	10	16
1399	83	1	2022-10-24	8	7
1400	36	5	2023-11-03	2	2
1401	56	3	2022-08-26	6	11
1402	30	4	2023-07-01	5	18
1403	62	1	2022-12-26	8	8
1404	11	3	2022-08-05	8	1
1405	2	5	2023-06-09	9	18
1406	18	2	2023-10-26	7	5
1407	58	3	2022-11-08	1	3
1408	2	5	2022-11-26	3	11
1409	69	2	2022-02-06	9	7
1410	3	3	2023-12-09	2	18
1411	33	4	2023-05-07	7	12
1412	7	4	2022-06-25	10	10
1413	17	2	2023-12-26	3	19
1414	27	2	2023-06-02	2	19
1415	61	1	2023-09-06	10	17
1416	9	4	2023-04-10	8	7
1417	26	1	2022-03-26	5	7
1418	100	2	2022-11-15	9	10
1419	79	1	2022-10-10	10	11
1420	42	3	2022-03-25	8	3
1421	22	4	2023-08-07	3	17
1422	34	5	2023-08-16	1	1
1423	90	1	2022-04-05	8	4
1424	33	1	2023-07-19	6	13
1425	82	1	2023-01-12	9	19
1426	27	3	2022-04-15	6	7
1427	71	3	2022-09-11	2	11
1428	68	5	2023-11-14	7	15
1429	66	1	2022-12-10	5	5
1430	88	5	2023-07-16	2	7
1431	76	3	2022-10-20	7	18
1432	99	4	2022-11-22	8	15
1433	43	4	2022-06-22	3	13
1434	81	1	2023-03-17	6	9
1435	74	5	2023-11-01	1	11
1436	18	4	2022-08-02	6	9
1437	69	2	2022-01-07	8	4
1438	18	3	2022-03-24	2	11
1439	90	1	2022-12-28	3	4
1440	56	1	2023-04-02	5	7
1441	25	1	2022-08-02	3	6
1442	77	4	2022-01-14	10	5
1443	36	1	2023-05-16	1	14
1444	74	4	2023-06-24	8	5
1445	19	4	2023-02-10	2	2
1446	88	1	2023-04-20	7	5
1447	95	5	2023-07-29	3	12
1448	17	3	2023-10-25	8	2
1449	8	1	2023-11-16	7	13
1450	65	5	2022-01-30	10	3
1451	67	1	2022-07-14	8	15
1452	66	1	2022-09-13	7	17
1453	21	2	2022-11-17	9	7
1454	49	4	2022-05-05	10	19
1455	42	2	2022-01-05	6	13
1456	7	2	2022-03-10	8	15
1457	100	5	2022-02-03	6	13
1458	42	2	2022-05-15	8	19
1459	40	1	2023-08-20	9	6
1460	35	5	2022-08-29	7	19
1461	96	5	2023-02-18	1	18
1462	17	1	2022-12-11	4	17
1463	63	3	2022-05-18	2	1
1464	58	3	2023-02-21	2	14
1465	35	1	2022-01-22	8	11
1466	14	5	2023-09-11	1	7
1467	75	2	2022-04-26	1	14
1468	17	1	2022-02-06	1	17
1469	74	1	2022-05-02	3	9
1470	81	2	2022-07-31	5	13
1471	10	3	2022-09-24	5	15
1472	44	2	2022-07-20	1	3
1473	30	4	2022-05-12	7	2
1474	77	3	2022-01-05	8	12
1475	72	3	2023-12-20	1	6
1476	21	4	2022-06-03	7	9
1477	94	2	2023-10-21	7	16
1478	37	5	2023-12-10	2	18
1479	40	3	2022-03-28	7	5
1480	97	2	2023-08-10	4	7
1481	25	2	2023-08-10	6	3
1482	31	3	2023-04-14	10	3
1483	39	4	2022-05-04	2	3
1484	39	3	2022-03-09	2	14
1485	83	5	2022-01-30	1	15
1486	69	2	2023-05-05	6	1
1487	84	1	2023-12-21	3	7
1488	96	1	2022-04-11	1	3
1489	9	1	2023-03-11	8	3
1490	50	5	2022-10-29	2	1
1491	27	3	2023-11-08	10	18
1492	88	1	2023-04-04	5	7
1493	60	5	2022-09-29	8	16
1494	39	5	2022-10-18	1	1
1495	30	3	2022-01-04	6	15
1496	56	1	2023-12-08	8	18
1497	6	1	2022-07-08	4	9
1498	67	2	2023-09-17	8	12
1499	33	4	2022-02-06	9	18
1500	52	5	2022-10-20	8	14
1501	18	4	2022-08-28	9	7
1502	77	2	2022-07-31	5	17
1503	34	3	2023-12-03	3	4
1504	96	5	2023-12-06	4	7
1505	42	1	2023-09-01	10	4
1506	93	1	2023-02-01	10	4
1507	94	1	2022-07-26	7	11
1508	89	4	2023-04-30	10	1
1509	57	3	2023-08-21	5	17
1510	67	2	2023-07-08	8	7
1511	62	2	2022-11-17	2	3
1512	71	5	2022-03-15	8	6
1513	26	3	2022-12-01	3	5
1514	54	5	2022-05-11	9	3
1515	19	1	2022-04-12	6	10
\.


--
-- Data for Name: produit; Type: TABLE DATA; Schema: public; Owner: project001
--

COPY public.produit (idproduit, designation, prixunitaire) FROM stdin;
1	tvo7spow1l	0.00
2	rvu0xfrk95	0.00
3	enkmh2h8ne	0.00
4	4trjlbsd0x	0.00
5	m2fjjm3iqy	0.00
6	aljuxdtbww	0.00
7	r06jdscw6j	0.00
8	hpa9oadm13	0.00
9	ge4iwag1ey	0.00
10	x5ob6walt1	0.00
11	kojl0eeknc	0.00
12	ai7ln4ehmp	0.00
13	lwnvba6ihp	0.00
14	trsux4wmuh	0.00
15	rfd3iy2xws	0.00
16	ct7a15ws5n	0.00
17	jarmkgjeer	0.00
18	qrrwwbvscx	0.00
19	2mudjovr6y	0.00
20	lktkmwblcg	0.00
21	micksjsm5q	0.00
22	qajhnrqauk	0.00
23	rznstqh7ix	0.00
24	k9i4nlzsn0	0.00
25	uvgdshl8hz	0.00
26	jgwwkxbs8e	0.00
27	pixzw9y318	0.00
28	cxoyaifdot	0.00
29	ph9e2mpz6w	0.00
30	5zjjwrwfms	0.00
\.


--
-- Data for Name: vendeur; Type: TABLE DATA; Schema: public; Owner: project001
--

COPY public.vendeur (idvendeur, prenom, nom, telephone, sexe) FROM stdin;
1	hayes	CHESTER	769573128	M
2	van buren	GERALD	787964859	M
3	nixon	GERALD	783029328	F
4	hoover	ZACHARY	762604626	M
5	monroe	GEORGE	785481475	M
6	hoover	MILLARD	766085623	F
7	nixon	JOHN	773502806	F
8	wilson	GEORGE	765748743	F
9	carter	WILLIAM	763558278	F
10	taylor	MILLARD	771459162	F
11	buchanan	CHESTER	763562202	F
12	jefferson	ANDREW	772695715	M
13	carter	BENJAMIN	783983947	M
14	grant	MILLARD	777380496	M
15	mckinley	GROVER	780329231	M
\.


--
-- Name: client_idclient_seq; Type: SEQUENCE SET; Schema: public; Owner: project001
--

SELECT pg_catalog.setval('public.client_idclient_seq', 400, true);


--
-- Name: commande_idcommande_seq; Type: SEQUENCE SET; Schema: public; Owner: project001
--

SELECT pg_catalog.setval('public.commande_idcommande_seq', 1515, true);


--
-- Name: produit_idproduit_seq; Type: SEQUENCE SET; Schema: public; Owner: project001
--

SELECT pg_catalog.setval('public.produit_idproduit_seq', 30, true);


--
-- Name: vendeur_idvendeur_seq; Type: SEQUENCE SET; Schema: public; Owner: project001
--

SELECT pg_catalog.setval('public.vendeur_idvendeur_seq', 15, true);


--
-- Name: client client_pkey; Type: CONSTRAINT; Schema: public; Owner: project001
--

ALTER TABLE ONLY public.client
    ADD CONSTRAINT client_pkey PRIMARY KEY (idclient);


--
-- Name: commande commande_pkey; Type: CONSTRAINT; Schema: public; Owner: project001
--

ALTER TABLE ONLY public.commande
    ADD CONSTRAINT commande_pkey PRIMARY KEY (idcommande);


--
-- Name: client id_unique; Type: CONSTRAINT; Schema: public; Owner: project001
--

ALTER TABLE ONLY public.client
    ADD CONSTRAINT id_unique UNIQUE (idclient);


--
-- Name: produit idp_unique; Type: CONSTRAINT; Schema: public; Owner: project001
--

ALTER TABLE ONLY public.produit
    ADD CONSTRAINT idp_unique UNIQUE (idproduit);


--
-- Name: produit produit_pkey; Type: CONSTRAINT; Schema: public; Owner: project001
--

ALTER TABLE ONLY public.produit
    ADD CONSTRAINT produit_pkey PRIMARY KEY (idproduit);


--
-- Name: vendeur vendeur_pkey; Type: CONSTRAINT; Schema: public; Owner: project001
--

ALTER TABLE ONLY public.vendeur
    ADD CONSTRAINT vendeur_pkey PRIMARY KEY (idvendeur);


--
-- Name: commande commande_idclient_fkey; Type: FK CONSTRAINT; Schema: public; Owner: project001
--

ALTER TABLE ONLY public.commande
    ADD CONSTRAINT commande_idclient_fkey FOREIGN KEY (idclient) REFERENCES public.client(idclient);


--
-- Name: commande commande_idproduit_fkey; Type: FK CONSTRAINT; Schema: public; Owner: project001
--

ALTER TABLE ONLY public.commande
    ADD CONSTRAINT commande_idproduit_fkey FOREIGN KEY (idproduit) REFERENCES public.produit(idproduit);


--
-- Name: commande commande_idvendeur_fkey; Type: FK CONSTRAINT; Schema: public; Owner: project001
--

ALTER TABLE ONLY public.commande
    ADD CONSTRAINT commande_idvendeur_fkey FOREIGN KEY (idvendeur) REFERENCES public.vendeur(idvendeur);


--
-- PostgreSQL database dump complete
--

