-- MySQL dump 10.13  Distrib 8.0.34, for Linux (x86_64)
--
-- Host: localhost    Database: magasin
-- ------------------------------------------------------
-- Server version	8.0.34-0ubuntu0.22.04.1

/*!40101 SET @OLD_CHARACTER_SET_CLIENT=@@CHARACTER_SET_CLIENT */;
/*!40101 SET @OLD_CHARACTER_SET_RESULTS=@@CHARACTER_SET_RESULTS */;
/*!40101 SET @OLD_COLLATION_CONNECTION=@@COLLATION_CONNECTION */;
/*!50503 SET NAMES utf8mb4 */;
/*!40103 SET @OLD_TIME_ZONE=@@TIME_ZONE */;
/*!40103 SET TIME_ZONE='+00:00' */;
/*!40014 SET @OLD_UNIQUE_CHECKS=@@UNIQUE_CHECKS, UNIQUE_CHECKS=0 */;
/*!40014 SET @OLD_FOREIGN_KEY_CHECKS=@@FOREIGN_KEY_CHECKS, FOREIGN_KEY_CHECKS=0 */;
/*!40101 SET @OLD_SQL_MODE=@@SQL_MODE, SQL_MODE='NO_AUTO_VALUE_ON_ZERO' */;
/*!40111 SET @OLD_SQL_NOTES=@@SQL_NOTES, SQL_NOTES=0 */;

--
-- Table structure for table `Client`
--

DROP TABLE IF EXISTS `Client`;
/*!40101 SET @saved_cs_client     = @@character_set_client */;
/*!50503 SET character_set_client = utf8mb4 */;
CREATE TABLE `Client` (
  `ClientID` int NOT NULL,
  `Prenom` varchar(50) DEFAULT NULL,
  `Nom` varchar(50) DEFAULT NULL,
  `Telephone` varchar(15) DEFAULT NULL,
  `Sexe` char(1) DEFAULT NULL,
  `Niveau` varchar(1) DEFAULT NULL,
  PRIMARY KEY (`ClientID`)
) ENGINE=InnoDB AUTO_INCREMENT=101 DEFAULT CHARSET=utf8mb4 COLLATE=utf8mb4_general_ci;
/*!40101 SET character_set_client = @saved_cs_client */;

--
-- Dumping data for table `Client`
--

LOCK TABLES `Client` WRITE;
/*!40000 ALTER TABLE `Client` DISABLE KEYS */;
INSERT INTO `Client` VALUES (1,'Thomas','Polk','70-033-61-44','F','B'),(2,'Herbert','Jefferson','76-670-34-27','F','B'),(3,'Woodrow','Harding','70-826-62-59','F','C'),(4,'William','Harrison','77-778-02-56','M','C'),(5,'Martin','Hayes','70-330-82-33','F','B'),(6,'Herbert','Harding','77-239-19-45','F','A'),(7,'Martin','Harding','70-268-00-41','M','B'),(8,'Woodrow','Adams','76-799-22-70','F','C'),(9,'Grover','Taft','76-237-97-64','F','A'),(10,'James','Hayes','76-065-91-63','F','C'),(11,'George','Pierce','76-296-70-32','M','A'),(12,'Rutherford','Washington','78-240-98-85','F','C'),(13,'Calvin','Johnson','78-954-47-80','M','B'),(14,'Abraham','Adams','77-495-45-76','M','C'),(15,'Martin','Fillmore','70-088-24-47','M','A'),(16,'Herbert','Cleveland','77-638-03-12','M','A'),(17,'William','Truman','76-588-58-46','F','C'),(18,'Gerald','Ford','78-983-36-00','M','C'),(19,'Calvin','Roosevelt','78-746-98-62','M','B'),(20,'Millard','Grant','78-589-60-98','M','C'),(21,'Jimmy','Truman','70-692-43-63','F','A'),(22,'Ronald','Roosevelt','70-270-70-52','F','C'),(23,'Calvin','Grant','78-399-39-43','M','B'),(24,'Andrew','Johnson','76-046-59-66','F','B'),(25,'Gerald','Clinton','76-051-71-12','F','B'),(26,'Warren','Polk','70-936-69-70','M','C'),(27,'Theodore','Jefferson','78-803-19-22','M','C'),(28,'Thomas','Nixon','78-255-88-32','F','B'),(29,'Gerald','Buchanan','70-223-51-79','M','B'),(30,'Ronald','Washington','77-834-67-37','M','C'),(31,'George','Carter','77-947-05-85','M','A'),(32,'Woodrow','Fillmore','78-809-09-38','F','A'),(33,'Ulysses','Nixon','77-336-79-15','M','A'),(34,'Millard','Jefferson','76-902-84-36','M','A'),(35,'Thomas','Wilson','70-164-04-14','M','A'),(36,'Grover','Johnson','70-344-39-53','M','A'),(37,'Lyndon','Harding','76-635-07-75','M','C'),(38,'Franklin','Truman','76-856-30-07','F','C'),(39,'Bill','Monroe','78-245-59-34','M','B'),(40,'Jimmy','Johnson','77-351-88-94','F','A'),(41,'Ronald','Ford','77-291-76-89','F','B'),(42,'Zachary','Johnson','78-257-87-47','F','C'),(43,'Chester','Garfield','77-056-30-25','M','B'),(44,'Ulysses','Harrison','76-629-97-19','F','A'),(45,'Richard','Arthur','77-951-62-16','F','A'),(46,'Richard','Nixon','77-461-17-08','M','A'),(47,'Calvin','Harding','78-160-23-27','M','B'),(48,'Woodrow','Pierce','76-855-33-34','F','B'),(49,'Benjamin','Johnson','76-557-88-29','M','A'),(50,'Warren','Monroe','70-950-50-25','F','B'),(51,'Woodrow','Ford','78-946-01-15','M','A'),(52,'Harry','Van Buren','78-794-82-72','M','C'),(53,'Martin','Grant','77-904-58-79','M','A'),(54,'William','Johnson','70-535-05-59','F','C'),(55,'Chester','Pierce','77-754-44-74','F','A'),(56,'Bill','Wilson','70-630-03-92','M','B'),(57,'Theodore','Roosevelt','78-465-54-95','F','B'),(58,'Grover','Taylor','70-943-78-66','F','C'),(59,'Benjamin','Harrison','76-509-96-29','M','B'),(60,'Ulysses','Adams','76-929-77-47','F','A'),(61,'Andrew','Johnson','76-959-41-65','M','A'),(62,'Harry','Fillmore','77-281-75-70','M','A'),(63,'Gerald','Eisenhower','76-363-55-85','F','B'),(64,'Calvin','Garfield','76-730-18-66','F','A'),(65,'Bill','Truman','77-184-55-44','M','B'),(66,'John','Eisenhower','78-882-06-76','F','B'),(67,'Bill','Truman','76-832-51-26','M','A'),(68,'Warren','Roosevelt','76-269-79-14','F','C'),(69,'Grover','Reagan','76-590-87-47','M','B'),(70,'Andrew','Johnson','77-024-23-82','M','B'),(71,'Dwight','Truman','70-943-68-13','F','C'),(72,'Grover','Johnson','78-823-22-64','F','B'),(73,'Grover','Reagan','70-123-52-77','F','C'),(74,'Herbert','Carter','70-033-23-28','M','A'),(75,'Theodore','Carter','76-883-54-46','F','C'),(76,'Ulysses','Polk','77-193-80-40','F','A'),(77,'Herbert','Lincoln','78-804-60-28','M','B'),(78,'Millard','Jefferson','77-266-93-45','F','A'),(79,'Woodrow','Wilson','77-651-77-29','F','B'),(80,'Grover','Fillmore','77-307-80-81','F','A'),(81,'Theodore','Eisenhower','76-580-58-25','M','C'),(82,'Millard','Taft','76-463-19-43','F','A'),(83,'Benjamin','Kennedy','76-218-68-91','M','B'),(84,'Franklin','Clinton','76-460-68-75','F','C'),(85,'Harry','Polk','77-914-93-42','M','A'),(86,'Abraham','Harrison','78-994-38-02','F','B'),(87,'Martin','Taylor','78-683-05-19','M','B'),(88,'Woodrow','Coolidge','78-678-87-05','F','C'),(89,'Herbert','Taylor','78-639-30-52','F','B'),(90,'Jimmy','Eisenhower','78-468-56-96','M','C'),(91,'Bill','Taft','70-944-88-39','M','C'),(92,'Calvin','Coolidge','76-710-57-71','F','A'),(93,'Lyndon','Roosevelt','70-563-97-62','F','A'),(94,'Calvin','Grant','76-235-03-20','M','C'),(95,'Theodore','Johnson','76-362-60-10','M','C'),(96,'William','Madison','70-152-13-34','M','B'),(97,'Richard','Quincy','76-324-88-78','M','A'),(98,'Gerald','Truman','70-256-63-52','F','A'),(99,'Lyndon','Polk','70-934-11-75','F','B'),(100,'Bill','Kennedy','70-200-40-15','M','B');
/*!40000 ALTER TABLE `Client` ENABLE KEYS */;
UNLOCK TABLES;

--
-- Table structure for table `ClientMagasin`
--

DROP TABLE IF EXISTS `ClientMagasin`;
/*!40101 SET @saved_cs_client     = @@character_set_client */;
/*!50503 SET character_set_client = utf8mb4 */;
CREATE TABLE `ClientMagasin` (
  `ClientID` int DEFAULT NULL,
  `MagasinID` int DEFAULT NULL,
  KEY `ClientID` (`ClientID`),
  KEY `MagasinID` (`MagasinID`),
  CONSTRAINT `ClientMagasin_ibfk_1` FOREIGN KEY (`ClientID`) REFERENCES `Client` (`ClientID`),
  CONSTRAINT `ClientMagasin_ibfk_2` FOREIGN KEY (`MagasinID`) REFERENCES `Magasin` (`MagasinID`)
) ENGINE=InnoDB AUTO_INCREMENT=101 DEFAULT CHARSET=utf8mb4 COLLATE=utf8mb4_general_ci;
/*!40101 SET character_set_client = @saved_cs_client */;

--
-- Dumping data for table `ClientMagasin`
--

LOCK TABLES `ClientMagasin` WRITE;
/*!40000 ALTER TABLE `ClientMagasin` DISABLE KEYS */;
/*!40000 ALTER TABLE `ClientMagasin` ENABLE KEYS */;
UNLOCK TABLES;

--
-- Table structure for table `Commande`
--

DROP TABLE IF EXISTS `Commande`;
/*!40101 SET @saved_cs_client     = @@character_set_client */;
/*!50503 SET character_set_client = utf8mb4 */;
CREATE TABLE `Commande` (
  `CommandeID` int NOT NULL,
  `ClientID` int DEFAULT NULL,
  `VendeurID` int DEFAULT NULL,
  `DateCommande` date DEFAULT NULL,
  `ProduitID` int NOT NULL,
  `Quantite` int NOT NULL,
  PRIMARY KEY (`CommandeID`),
  KEY `ClientID` (`ClientID`),
  KEY `VendeurID` (`VendeurID`),
  CONSTRAINT `Commande_ibfk_1` FOREIGN KEY (`ClientID`) REFERENCES `Client` (`ClientID`),
  CONSTRAINT `Commande_ibfk_2` FOREIGN KEY (`VendeurID`) REFERENCES `Vendeur` (`VendeurID`)
) ENGINE=InnoDB AUTO_INCREMENT=101 DEFAULT CHARSET=utf8mb4 COLLATE=utf8mb4_general_ci;
/*!40101 SET character_set_client = @saved_cs_client */;

--
-- Dumping data for table `Commande`
--

LOCK TABLES `Commande` WRITE;
/*!40000 ALTER TABLE `Commande` DISABLE KEYS */;
INSERT INTO `Commande` VALUES (1,3,5,'2007-04-15',12,88),(2,12,1,'2007-05-23',4,74),(3,9,1,'2008-02-01',9,56),(4,4,3,'2007-09-16',6,72),(5,14,4,'2007-03-09',11,91),(6,4,1,'2007-07-08',15,63),(7,5,2,'2008-06-27',20,8),(8,20,5,'2007-09-28',6,80),(9,17,5,'2008-07-17',8,19),(10,20,4,'2007-07-15',2,23),(11,8,2,'2007-10-25',17,83),(12,10,2,'2007-09-20',14,6),(13,11,4,'2008-10-15',3,83),(14,3,2,'2008-04-11',19,86),(15,7,1,'2007-01-31',7,90),(16,1,4,'2008-07-18',3,6),(17,1,4,'2007-03-04',10,80),(18,6,4,'2007-03-28',3,64),(19,16,3,'2008-05-02',5,11),(20,6,5,'2007-04-25',8,6),(21,19,1,'2007-12-08',18,19),(22,5,4,'2008-07-05',4,39),(23,15,4,'2007-02-25',20,4),(24,11,3,'2008-08-25',18,95),(25,9,4,'2008-03-06',8,86),(26,20,3,'2007-03-19',4,81),(27,8,5,'2007-09-17',11,88),(28,11,3,'2007-10-09',15,24),(29,14,4,'2008-11-12',13,46),(30,6,1,'2008-03-24',1,61),(31,7,1,'2007-07-20',4,47),(32,7,3,'2007-07-13',11,68),(33,12,3,'2007-12-04',9,21),(34,18,1,'2008-04-14',1,51),(35,1,3,'2008-08-17',3,35),(36,11,5,'2007-01-04',8,65),(37,2,4,'2008-12-04',14,95),(38,16,4,'2007-03-30',8,17),(39,2,5,'2008-03-27',11,85),(40,2,4,'2008-09-15',8,55),(41,3,2,'2007-08-24',2,3),(42,2,4,'2008-10-20',2,5),(43,6,3,'2007-07-26',1,75),(44,16,5,'2008-05-11',9,89),(45,2,2,'2007-10-22',6,9),(46,6,1,'2007-08-04',8,59),(47,13,4,'2008-11-02',7,69),(48,11,4,'2007-06-21',14,71),(49,1,4,'2007-11-27',4,76),(50,2,1,'2008-12-02',7,92),(51,20,5,'2007-09-06',19,13),(52,18,5,'2008-09-21',17,14),(53,12,1,'2008-10-11',9,72),(54,10,5,'2007-01-02',19,66),(55,8,4,'2007-08-15',20,56),(56,19,1,'2008-03-27',3,26),(57,1,5,'2007-07-09',10,42),(58,12,5,'2008-05-11',5,98),(59,1,2,'2008-08-16',5,18),(60,19,2,'2008-10-06',18,41),(61,6,3,'2007-06-04',17,26),(62,1,4,'2008-07-11',2,86),(63,16,4,'2007-01-06',3,37),(64,10,4,'2007-09-14',17,55),(65,15,2,'2008-12-07',8,52),(66,14,4,'2007-01-23',14,90),(67,19,4,'2007-03-04',14,0),(68,5,3,'2007-08-26',3,17),(69,4,1,'2007-12-17',11,34),(70,10,1,'2007-12-07',7,93),(71,14,5,'2008-01-02',15,10),(72,7,2,'2008-09-07',12,22),(73,4,5,'2007-08-31',4,33),(74,1,2,'2007-04-24',9,86),(75,18,5,'2008-06-04',15,66),(76,11,2,'2007-09-19',18,57),(77,2,3,'2008-06-26',19,81),(78,3,5,'2008-10-10',2,89),(79,7,4,'2007-05-07',5,95),(80,6,2,'2008-07-24',14,75),(81,15,4,'2007-04-28',4,87),(82,10,1,'2008-06-11',2,93),(83,6,1,'2007-05-17',13,96),(84,5,2,'2007-10-24',12,43),(85,7,5,'2007-10-15',12,33),(86,10,4,'2008-05-18',3,36),(87,8,5,'2007-08-09',15,88),(88,4,5,'2008-01-13',10,90),(89,4,5,'2007-12-18',13,10),(90,17,2,'2007-02-16',7,34),(91,5,5,'2007-05-05',17,43),(92,17,2,'2007-06-22',5,23),(93,8,2,'2007-05-25',18,37),(94,2,3,'2008-06-02',4,90),(95,20,4,'2007-12-13',20,66),(96,2,3,'2008-04-04',2,4),(97,20,5,'2007-10-18',3,45),(98,8,2,'2007-06-09',20,49),(99,7,3,'2008-11-28',2,13),(100,20,1,'2008-06-19',12,58),(101,16,4,'2007-01-06',17,71),(102,8,1,'2007-09-30',19,38),(103,4,4,'2008-01-02',11,42),(104,7,5,'2008-11-15',13,87),(105,1,1,'2008-05-21',16,56),(106,11,5,'2007-10-15',17,54),(107,6,5,'2007-03-08',4,0),(108,8,3,'2007-06-29',4,57),(109,2,4,'2008-06-30',20,32),(110,18,3,'2007-05-08',5,52),(111,20,1,'2008-01-23',9,69),(112,2,4,'2008-02-15',13,53),(113,20,1,'2007-12-24',12,47),(114,5,5,'2008-09-01',3,45),(115,20,2,'2008-09-20',12,26),(116,5,5,'2007-10-09',16,64),(117,10,2,'2008-01-09',12,65),(118,11,4,'2008-11-27',8,63),(119,8,5,'2008-05-16',14,51),(120,2,5,'2008-04-27',4,50),(121,2,5,'2008-02-09',20,98),(122,7,3,'2008-10-22',10,50),(123,16,3,'2008-03-15',1,44),(124,5,5,'2008-02-05',1,32),(125,19,2,'2007-07-07',16,99),(126,14,5,'2008-09-10',20,77),(127,10,2,'2007-10-04',7,50),(128,4,3,'2008-07-05',14,18),(129,20,2,'2008-09-29',5,67),(130,18,1,'2008-05-31',17,94),(131,10,1,'2008-11-10',17,87),(132,13,5,'2008-12-12',1,97),(133,10,5,'2007-10-01',19,36),(134,14,3,'2007-03-31',2,14),(135,6,2,'2008-05-10',8,64),(136,19,5,'2008-05-29',1,40),(137,19,5,'2008-10-27',9,9),(138,14,1,'2008-01-27',16,73),(139,15,1,'2008-08-02',10,55),(140,20,3,'2008-05-16',15,97),(141,1,3,'2008-10-30',15,40),(142,12,5,'2008-02-13',18,81),(143,17,1,'2007-02-12',3,94),(144,13,1,'2008-06-10',7,42),(145,10,4,'2008-03-13',14,2),(146,12,4,'2007-12-13',14,88),(147,13,4,'2007-11-27',7,89),(148,16,2,'2008-02-03',18,57),(149,9,2,'2007-12-04',10,69),(150,1,1,'2008-09-06',2,30),(151,10,1,'2007-03-12',16,16),(152,15,4,'2007-01-27',19,76),(153,4,3,'2007-06-11',12,17),(154,16,5,'2008-03-22',1,21),(155,11,3,'2007-06-01',10,37),(156,2,4,'2007-12-22',10,3),(157,12,5,'2007-04-15',15,6),(158,10,2,'2008-06-08',13,96),(159,11,1,'2008-08-05',20,10),(160,10,3,'2008-09-16',16,15),(161,16,3,'2007-03-06',4,48),(162,11,3,'2007-05-10',4,18),(163,12,4,'2007-10-30',17,52),(164,15,5,'2008-06-15',18,88),(165,9,5,'2007-06-06',13,89),(166,16,4,'2007-08-06',10,3),(167,6,3,'2007-07-08',20,46),(168,16,2,'2007-08-18',10,93),(169,5,1,'2007-10-07',2,9),(170,16,1,'2007-06-29',7,18),(171,15,5,'2008-09-03',13,55),(172,12,1,'2008-09-13',10,25),(173,7,2,'2008-10-27',11,13),(174,19,1,'2008-02-10',10,28),(175,9,1,'2008-06-12',7,73),(176,3,1,'2007-12-03',20,97),(177,4,1,'2007-04-08',2,79),(178,8,3,'2008-09-08',1,49),(179,8,3,'2007-07-08',20,89),(180,1,1,'2008-01-06',2,30),(181,6,5,'2007-10-18',10,60),(182,1,5,'2007-07-09',5,89),(183,20,3,'2008-12-23',12,78),(184,1,1,'2008-08-06',12,47),(185,15,1,'2007-01-03',5,12),(186,4,1,'2008-01-17',8,32),(187,8,2,'2008-10-28',11,1),(188,11,3,'2008-09-05',17,76),(189,13,4,'2008-07-21',18,83),(190,20,5,'2008-07-10',20,41),(191,12,2,'2008-05-18',4,35),(192,19,4,'2007-01-31',11,73),(193,20,2,'2008-06-05',16,97),(194,10,5,'2008-02-28',5,12),(195,7,2,'2007-04-03',10,45),(196,19,3,'2007-12-19',4,64),(197,2,4,'2007-07-12',3,29),(198,5,4,'2008-03-06',12,20),(199,13,5,'2008-11-30',3,13),(200,18,4,'2007-10-21',12,24),(201,7,4,'2007-12-31',12,17),(202,3,2,'2007-04-29',9,55),(203,4,3,'2008-09-13',8,91),(204,7,1,'2008-07-31',10,53),(205,17,5,'2008-03-06',13,23),(206,1,3,'2008-01-14',12,11),(207,15,4,'2008-11-14',1,47),(208,14,3,'2007-01-03',6,95),(209,10,1,'2008-02-15',12,49),(210,13,4,'2007-07-28',17,91),(211,7,5,'2007-10-08',17,3),(212,15,1,'2008-07-01',6,47),(213,4,2,'2008-04-04',14,5),(214,10,5,'2007-04-06',19,91),(215,11,2,'2008-02-22',15,89),(216,2,2,'2008-12-15',14,91),(217,4,1,'2008-04-04',16,21),(218,8,5,'2008-08-01',4,87),(219,1,3,'2008-01-27',17,52),(220,1,4,'2007-07-25',19,82),(221,7,4,'2007-11-16',6,8),(222,5,3,'2008-08-17',14,13),(223,20,2,'2007-12-16',13,76),(224,14,4,'2008-01-31',16,24),(225,17,4,'2007-08-22',16,50),(226,18,5,'2007-12-24',1,26),(227,11,2,'2007-02-12',13,78),(228,13,5,'2008-01-15',11,36),(229,4,2,'2008-12-19',8,57),(230,8,5,'2007-01-09',17,40),(231,8,3,'2007-08-09',6,100),(232,20,4,'2008-03-26',15,3),(233,14,2,'2007-04-26',3,41),(234,19,4,'2008-03-11',20,51),(235,11,1,'2008-04-29',5,39),(236,11,4,'2007-05-24',12,47),(237,5,1,'2007-03-25',17,49),(238,7,2,'2008-03-05',15,69),(239,9,2,'2008-03-22',2,90),(240,13,3,'2007-05-09',15,48),(241,19,3,'2008-08-15',17,59),(242,6,1,'2008-10-25',15,83),(243,1,3,'2007-06-06',6,23),(244,11,4,'2007-12-01',14,61),(245,4,3,'2007-05-24',19,26),(246,2,1,'2008-06-25',3,21),(247,5,5,'2008-12-27',13,67),(248,15,5,'2007-04-18',6,91),(249,5,1,'2007-05-11',9,17),(250,12,1,'2008-03-22',19,88),(251,6,2,'2008-11-21',17,75),(252,12,5,'2008-03-28',4,67),(253,14,1,'2008-03-14',19,33),(254,1,1,'2008-07-27',10,28),(255,12,1,'2008-09-02',1,37),(256,17,2,'2007-06-16',10,76),(257,20,2,'2008-06-06',7,73),(258,12,1,'2008-03-08',11,14),(259,9,5,'2007-01-17',4,88),(260,4,2,'2008-04-14',10,92),(261,4,3,'2008-03-12',12,64),(262,7,1,'2008-05-24',17,75),(263,10,1,'2007-07-13',19,97),(264,15,3,'2008-07-05',11,0),(265,20,2,'2007-12-06',8,15),(266,19,4,'2008-07-21',14,98),(267,4,1,'2008-11-12',15,27),(268,19,4,'2007-06-16',10,96),(269,3,4,'2008-05-04',10,94),(270,15,3,'2007-09-27',14,92),(271,19,3,'2007-07-08',17,65),(272,15,4,'2007-03-08',6,80),(273,19,3,'2007-10-29',9,38),(274,11,3,'2007-04-22',11,40),(275,6,4,'2008-12-04',10,5),(276,8,5,'2007-05-02',8,78),(277,3,5,'2008-12-13',19,74),(278,17,3,'2007-07-10',7,73),(279,6,4,'2007-09-07',14,45),(280,15,4,'2008-02-12',8,20),(281,17,4,'2008-05-03',16,49),(282,4,2,'2008-07-27',17,27),(283,10,1,'2007-08-04',9,23),(284,20,2,'2008-01-10',5,44),(285,1,5,'2008-06-22',8,44),(286,12,4,'2007-06-02',16,5),(287,16,1,'2008-04-04',20,50),(288,15,5,'2008-11-26',20,26),(289,6,4,'2007-12-13',10,14),(290,9,5,'2008-04-06',2,81),(291,1,4,'2007-09-01',7,62),(292,17,5,'2007-04-24',11,71),(293,7,5,'2008-09-05',20,88),(294,4,4,'2008-01-10',14,13),(295,14,4,'2007-03-28',1,38),(296,1,3,'2007-08-07',9,10),(297,19,1,'2007-04-26',12,0),(298,11,4,'2007-03-04',16,18),(299,16,1,'2007-06-23',7,14),(300,3,1,'2007-10-26',13,5),(301,4,5,'2008-04-12',6,53),(302,20,1,'2007-09-15',20,63),(303,7,5,'2008-12-19',8,85),(304,7,4,'2008-03-31',8,6),(305,14,1,'2008-07-24',3,72),(306,3,1,'2008-02-13',1,11),(307,7,3,'2008-02-17',14,43),(308,16,2,'2007-01-04',20,82),(309,8,1,'2008-02-17',7,42),(310,8,2,'2007-06-09',7,55),(311,11,2,'2008-06-24',7,96),(312,1,2,'2007-07-19',11,39),(313,18,1,'2008-06-07',13,10),(314,20,3,'2008-03-12',14,52),(315,15,2,'2008-04-06',10,5),(316,12,2,'2008-10-20',19,49),(317,18,3,'2008-03-08',2,0),(318,3,2,'2007-02-17',12,87),(319,9,1,'2008-01-14',16,27),(320,20,2,'2008-08-20',12,89),(321,12,4,'2007-04-26',16,17),(322,16,3,'2007-07-19',12,64),(323,4,1,'2008-06-02',8,72),(324,14,1,'2007-04-03',6,47),(325,13,3,'2007-07-25',12,6),(326,17,1,'2007-12-18',18,54),(327,5,5,'2008-08-16',6,65),(328,1,3,'2008-10-07',4,12),(329,10,3,'2008-03-12',1,66),(330,18,3,'2007-07-10',7,58),(331,18,3,'2008-06-03',12,81),(332,18,5,'2007-10-09',1,93),(333,6,5,'2007-09-04',8,21),(334,10,4,'2008-11-07',14,11),(335,6,3,'2008-11-06',20,33),(336,20,3,'2008-08-01',11,82),(337,9,1,'2007-04-30',8,96),(338,5,3,'2007-06-03',5,70),(339,15,5,'2007-10-12',18,13),(340,20,3,'2007-07-20',11,24),(341,5,5,'2007-06-05',13,85),(342,17,1,'2008-05-01',14,24),(343,7,3,'2008-09-27',14,15),(344,17,1,'2007-07-20',10,73),(345,12,1,'2007-06-20',8,4),(346,13,2,'2008-01-30',2,72),(347,18,2,'2007-10-28',2,96),(348,11,3,'2007-06-09',15,12),(349,5,2,'2007-05-07',1,15),(350,19,5,'2008-07-29',14,94),(351,4,2,'2007-02-16',6,69),(352,11,5,'2007-06-25',3,9),(353,17,5,'2008-02-27',5,86),(354,19,4,'2007-12-03',9,29),(355,20,3,'2008-11-26',4,67),(356,14,2,'2007-10-23',10,17),(357,13,4,'2007-05-20',7,65),(358,3,5,'2008-04-09',19,89),(359,15,4,'2007-05-10',17,36),(360,6,2,'2007-04-09',6,48),(361,11,2,'2008-04-26',17,39),(362,10,5,'2008-10-20',17,9),(363,5,4,'2007-08-28',4,14),(364,18,2,'2008-02-02',12,5),(365,19,3,'2008-06-13',5,11),(366,1,1,'2008-05-07',18,19),(367,10,1,'2007-07-09',3,96),(368,20,1,'2007-12-16',1,92),(369,16,4,'2007-03-13',3,67),(370,19,4,'2007-02-06',2,28),(371,9,3,'2008-11-24',7,70),(372,8,1,'2008-05-21',16,0),(373,6,1,'2007-03-18',13,6),(374,13,4,'2008-08-10',2,9),(375,19,5,'2008-01-17',5,67),(376,3,1,'2008-03-14',6,29),(377,16,4,'2007-03-11',5,56),(378,20,5,'2007-09-26',18,4),(379,4,3,'2008-03-27',10,1),(380,1,3,'2007-09-30',10,57),(381,16,3,'2007-08-22',19,94),(382,17,3,'2008-06-09',11,10),(383,18,3,'2008-10-11',16,93),(384,6,1,'2007-07-09',7,96),(385,9,5,'2008-05-17',14,31),(386,4,5,'2007-02-10',3,84),(387,6,1,'2008-08-21',6,91),(388,14,4,'2007-05-13',20,27),(389,12,4,'2007-02-22',11,17),(390,13,3,'2008-04-26',13,78),(391,20,4,'2008-01-31',15,10),(392,14,3,'2008-05-20',19,31),(393,13,2,'2008-08-17',4,10),(394,12,4,'2007-08-11',19,96),(395,1,5,'2008-03-06',4,10),(396,16,5,'2008-12-21',17,64),(397,19,4,'2008-04-19',9,18),(398,18,5,'2008-03-14',13,84),(399,9,5,'2008-08-25',3,23),(400,13,3,'2007-12-21',10,93),(401,6,1,'2007-09-28',19,60),(402,3,5,'2007-12-23',5,51),(403,18,3,'2007-08-20',15,3),(404,19,1,'2008-11-17',10,53),(405,11,5,'2007-04-23',19,91),(406,13,3,'2007-01-13',16,99),(407,6,1,'2007-11-19',7,8),(408,17,4,'2008-03-19',18,54),(409,13,5,'2007-03-26',9,62),(410,17,4,'2008-03-04',10,6),(411,6,4,'2007-12-24',15,5),(412,12,1,'2007-12-08',17,38),(413,15,3,'2007-09-09',18,71),(414,2,5,'2007-12-29',14,69),(415,17,1,'2007-10-04',9,53),(416,4,1,'2007-03-22',9,82),(417,12,3,'2007-12-18',17,26),(418,3,5,'2007-10-13',5,76),(419,15,4,'2007-07-02',17,83),(420,1,5,'2007-04-18',6,72),(421,18,4,'2007-08-13',12,88),(422,15,2,'2008-07-14',6,60),(423,19,2,'2007-11-07',12,83),(424,2,3,'2007-01-10',18,62),(425,14,3,'2008-01-17',5,6),(426,14,3,'2007-09-26',9,79),(427,18,2,'2008-02-06',7,18),(428,12,3,'2007-01-20',17,44),(429,10,2,'2008-06-23',19,71),(430,7,5,'2007-12-31',5,97),(431,19,5,'2007-08-30',17,30),(432,18,3,'2008-05-10',15,20),(433,3,5,'2007-07-23',3,66),(434,7,5,'2007-09-15',3,82),(435,9,3,'2007-04-14',10,50),(436,10,3,'2008-05-06',13,81),(437,5,2,'2008-10-22',16,9),(438,7,4,'2007-01-10',18,66),(439,11,5,'2007-09-27',12,47),(440,6,2,'2007-02-19',14,30),(441,5,4,'2008-04-10',3,72),(442,3,4,'2008-10-31',3,18),(443,9,5,'2007-06-01',17,83),(444,12,3,'2007-12-13',18,46),(445,2,1,'2007-03-03',6,33),(446,11,2,'2007-10-06',16,54),(447,4,2,'2008-04-14',9,22),(448,13,2,'2007-04-10',7,37),(449,20,4,'2007-09-11',5,87),(450,15,1,'2007-06-02',16,17),(451,5,4,'2008-09-12',5,5),(452,9,5,'2007-10-26',17,13),(453,17,3,'2008-09-09',7,74),(454,12,1,'2007-12-12',19,32),(455,9,2,'2007-07-21',3,78),(456,4,1,'2007-07-09',8,56),(457,3,3,'2007-04-29',16,98),(458,4,3,'2007-06-10',10,32),(459,7,5,'2008-05-02',14,24),(460,17,3,'2008-02-04',16,97),(461,2,3,'2008-12-11',13,6),(462,19,1,'2008-02-09',13,90),(463,13,1,'2008-09-20',16,11),(464,4,5,'2008-04-25',7,8),(465,17,1,'2007-01-18',3,9),(466,15,5,'2007-01-19',11,99),(467,16,4,'2008-07-29',17,27),(468,16,5,'2008-10-03',8,26),(469,19,3,'2008-09-23',14,25),(470,20,5,'2007-12-30',3,56),(471,4,5,'2008-03-13',6,21),(472,11,5,'2007-10-19',1,2),(473,13,2,'2007-01-20',3,57),(474,13,4,'2007-04-12',7,51),(475,1,2,'2008-04-29',7,55),(476,9,3,'2007-07-21',9,76),(477,4,2,'2008-05-12',6,80),(478,6,2,'2007-10-25',16,86),(479,9,5,'2007-10-08',4,47),(480,3,2,'2007-07-07',7,74),(481,12,2,'2007-01-06',5,3),(482,2,2,'2007-09-07',18,91),(483,18,4,'2008-02-19',3,25),(484,16,1,'2008-01-22',9,10),(485,8,2,'2008-05-10',2,61),(486,20,3,'2007-07-06',4,98),(487,17,1,'2008-08-04',11,64),(488,9,3,'2007-05-04',17,30),(489,15,1,'2008-12-06',18,87),(490,12,2,'2008-06-15',17,87),(491,10,2,'2007-12-12',11,62),(492,8,3,'2008-02-01',11,80),(493,2,2,'2007-06-03',7,24),(494,4,1,'2007-02-13',16,22),(495,1,4,'2007-09-09',18,33),(496,12,1,'2007-05-21',9,70),(497,10,3,'2008-10-05',10,69),(498,1,4,'2008-09-01',7,48),(499,12,1,'2007-03-05',3,37),(500,18,2,'2007-01-20',9,52),(501,14,4,'2007-12-21',4,80),(502,1,5,'2007-02-02',4,68),(503,3,3,'2007-12-16',19,30),(504,7,4,'2007-04-24',12,59),(505,15,2,'2008-01-14',16,92),(506,18,4,'2007-01-26',13,98),(507,3,1,'2007-02-20',2,60),(508,7,4,'2007-01-29',7,68),(509,17,4,'2007-11-21',11,32),(510,5,1,'2008-04-17',11,30),(511,20,1,'2007-07-15',17,76),(512,8,4,'2008-05-22',10,66),(513,17,2,'2008-07-17',17,50),(514,10,2,'2008-11-11',14,2),(515,3,5,'2008-09-14',8,63),(516,1,3,'2007-12-11',12,65),(517,14,2,'2007-02-02',5,44),(518,2,5,'2008-05-06',19,88),(519,12,1,'2008-03-31',2,52),(520,6,1,'2007-10-07',14,1),(521,4,4,'2008-08-29',20,21),(522,20,2,'2007-06-09',19,41),(523,2,2,'2007-04-22',11,97),(524,13,2,'2007-03-22',9,34),(525,18,2,'2008-09-13',20,41),(526,16,2,'2007-11-17',19,81),(527,15,2,'2007-12-28',10,39),(528,4,4,'2007-02-24',12,81),(529,9,1,'2007-03-25',6,5),(530,3,5,'2008-03-27',6,83),(531,13,2,'2007-03-06',14,91),(532,2,3,'2008-01-12',7,86),(533,10,3,'2008-05-18',6,12),(534,16,2,'2007-03-13',6,35),(535,14,2,'2008-02-05',8,76),(536,18,1,'2007-04-30',10,39),(537,16,3,'2008-02-21',16,36),(538,17,1,'2007-08-13',19,10),(539,9,4,'2008-11-12',4,61),(540,2,5,'2008-08-18',6,68),(541,5,4,'2008-06-02',9,47),(542,9,5,'2007-03-16',11,40),(543,7,2,'2007-02-03',9,6),(544,18,2,'2007-01-18',13,9),(545,8,3,'2007-02-24',15,56),(546,14,2,'2007-01-03',14,93),(547,2,1,'2008-11-22',11,20),(548,7,3,'2008-03-23',18,20),(549,14,3,'2007-02-09',8,3),(550,19,1,'2007-12-11',3,58),(551,20,3,'2008-03-29',11,48),(552,20,2,'2007-12-19',16,1),(553,12,4,'2007-11-25',9,60),(554,10,4,'2008-09-24',13,14),(555,8,1,'2008-11-03',12,78),(556,12,5,'2008-07-09',10,39),(557,17,5,'2008-09-25',14,65),(558,18,3,'2008-11-14',2,2),(559,12,3,'2008-02-06',3,9),(560,1,4,'2007-05-21',14,44),(561,2,3,'2008-08-24',18,35),(562,6,3,'2008-12-22',4,79),(563,1,3,'2007-02-08',16,39),(564,2,5,'2008-04-15',4,17),(565,5,1,'2008-10-21',15,60),(566,12,4,'2007-10-18',17,93),(567,13,1,'2008-03-09',18,75),(568,5,2,'2007-07-28',19,67),(569,13,4,'2008-04-26',9,32),(570,12,4,'2008-09-16',17,68),(571,16,3,'2007-08-15',4,41),(572,7,2,'2008-01-21',12,53),(573,9,5,'2008-05-12',18,25),(574,12,5,'2008-06-17',7,22),(575,8,3,'2007-01-30',6,63),(576,19,4,'2007-07-13',16,56),(577,3,3,'2007-12-15',16,64),(578,6,3,'2008-04-03',5,81),(579,14,2,'2008-03-04',18,47),(580,3,1,'2008-12-20',17,33),(581,15,3,'2007-07-30',20,68),(582,17,4,'2008-02-11',19,19),(583,6,4,'2007-08-21',20,10),(584,8,2,'2008-07-25',18,3),(585,17,5,'2007-03-05',18,1),(586,13,2,'2007-06-12',11,31),(587,5,1,'2007-11-04',13,40),(588,2,4,'2007-08-29',19,59),(589,13,2,'2007-09-10',2,48),(590,3,1,'2007-07-22',12,54),(591,10,1,'2008-06-29',1,22),(592,20,3,'2008-04-08',5,11),(593,1,4,'2007-08-09',15,21),(594,13,4,'2007-06-10',4,96),(595,19,5,'2007-04-08',3,76),(596,4,5,'2008-06-01',7,2),(597,18,2,'2008-05-17',17,82),(598,10,3,'2008-06-19',12,83),(599,6,1,'2008-04-03',19,28),(600,2,4,'2008-05-31',8,91),(601,19,2,'2007-07-25',2,78),(602,14,4,'2007-10-28',6,58),(603,14,4,'2008-06-18',15,31),(604,5,2,'2008-01-24',16,62),(605,19,4,'2008-05-20',1,80),(606,12,2,'2007-12-16',13,26),(607,15,1,'2008-11-23',13,1),(608,6,5,'2008-04-12',12,6),(609,2,4,'2008-03-30',1,82),(610,20,3,'2008-07-08',15,75),(611,14,3,'2008-12-11',16,89),(612,4,4,'2008-10-18',12,51),(613,3,5,'2008-02-05',18,97),(614,3,5,'2008-09-23',5,32),(615,19,4,'2008-04-16',3,26),(616,15,1,'2008-06-16',7,7),(617,10,2,'2008-04-07',20,16),(618,20,2,'2008-10-01',2,84),(619,8,4,'2008-04-13',18,30),(620,8,4,'2008-12-28',7,33),(621,16,3,'2008-07-09',7,90),(622,6,5,'2008-07-09',14,38),(623,2,5,'2007-06-12',10,82),(624,3,3,'2007-09-14',16,73),(625,15,1,'2008-07-16',5,75),(626,5,2,'2008-12-18',6,40),(627,1,5,'2008-03-12',19,94),(628,12,4,'2008-04-06',9,77),(629,2,2,'2007-09-20',16,11),(630,1,3,'2007-04-13',1,93),(631,14,3,'2007-04-12',13,8),(632,11,4,'2007-08-26',3,37),(633,8,1,'2008-02-04',17,53),(634,5,3,'2007-12-06',9,6),(635,16,2,'2007-12-31',17,100),(636,10,3,'2007-12-14',15,38),(637,9,5,'2007-10-14',1,6),(638,10,2,'2007-06-27',6,91),(639,9,3,'2008-04-23',14,52),(640,8,5,'2008-11-07',14,79),(641,15,5,'2007-08-23',12,43),(642,13,4,'2007-06-21',15,52),(643,9,4,'2007-03-25',9,79),(644,2,5,'2008-03-09',8,81),(645,17,2,'2008-03-13',10,24),(646,19,2,'2008-05-20',20,77),(647,16,3,'2007-03-26',7,49),(648,2,4,'2008-10-31',9,60),(649,19,5,'2007-07-07',17,67),(650,19,2,'2007-05-02',5,55),(651,9,4,'2007-02-16',11,22),(652,14,2,'2007-10-19',19,79),(653,12,4,'2007-10-28',8,20),(654,15,3,'2007-08-19',11,34),(655,6,5,'2007-09-04',10,47),(656,3,5,'2008-06-02',6,42),(657,10,1,'2007-03-12',4,6),(658,4,5,'2007-04-29',13,78),(659,16,3,'2008-08-14',7,18),(660,18,5,'2008-07-15',12,90),(661,17,4,'2008-11-22',15,83),(662,6,5,'2008-11-19',18,40),(663,9,2,'2007-06-19',16,92),(664,12,5,'2007-12-11',1,4),(665,10,2,'2007-06-23',11,50),(666,1,1,'2007-12-04',16,1),(667,9,4,'2007-09-02',5,34),(668,13,4,'2008-12-21',2,94),(669,11,5,'2008-03-26',6,64),(670,15,4,'2008-03-02',14,55),(671,3,4,'2008-06-10',13,22),(672,10,5,'2008-08-11',19,65),(673,17,2,'2008-06-20',9,60),(674,14,2,'2007-07-26',8,47),(675,14,2,'2008-04-26',15,81),(676,9,2,'2008-07-01',18,72),(677,14,1,'2007-09-20',7,88),(678,1,3,'2008-03-08',11,56),(679,20,4,'2008-05-11',11,63),(680,19,5,'2007-02-23',6,20),(681,1,5,'2008-01-07',9,22),(682,14,4,'2008-10-31',15,26),(683,2,5,'2008-09-06',7,11),(684,15,2,'2008-04-30',15,28),(685,5,5,'2007-02-27',7,34),(686,18,2,'2008-05-27',10,24),(687,20,3,'2008-11-24',13,28),(688,19,3,'2007-08-10',11,45),(689,13,5,'2007-08-09',2,14),(690,4,4,'2007-03-21',11,13),(691,2,2,'2007-11-05',5,26),(692,19,5,'2007-07-05',3,57),(693,2,5,'2008-05-19',7,15),(694,20,3,'2007-07-02',8,55),(695,4,5,'2007-03-01',15,34),(696,13,2,'2007-01-11',8,28),(697,20,5,'2008-10-15',5,80),(698,15,2,'2007-06-28',19,55),(699,15,3,'2008-08-19',11,83),(700,14,1,'2008-04-27',8,56),(701,4,4,'2008-06-15',13,91),(702,7,5,'2007-05-05',7,62),(703,17,4,'2008-05-10',7,13),(704,3,1,'2008-02-08',6,86),(705,20,1,'2007-07-31',12,95),(706,8,2,'2007-03-09',7,67),(707,15,2,'2007-12-25',4,2),(708,14,4,'2008-01-11',10,31),(709,7,5,'2008-12-23',15,54),(710,8,3,'2008-04-16',19,45),(711,8,1,'2008-04-13',18,48),(712,19,3,'2008-07-25',1,25),(713,18,4,'2008-02-15',16,9),(714,15,3,'2008-06-28',1,90),(715,17,4,'2007-05-10',11,39),(716,9,1,'2007-07-18',4,22),(717,18,4,'2007-03-28',6,80),(718,5,4,'2007-07-08',15,75),(719,12,5,'2008-10-30',12,21),(720,17,3,'2008-10-05',20,91),(721,5,2,'2008-12-24',8,62),(722,11,1,'2007-08-16',7,55),(723,18,2,'2007-10-03',8,48),(724,7,5,'2007-02-04',2,26),(725,20,1,'2007-08-02',11,70),(726,1,2,'2008-01-08',4,63),(727,6,4,'2007-10-07',18,82),(728,15,1,'2007-01-06',10,68),(729,10,2,'2008-08-30',8,34),(730,14,2,'2008-10-17',13,9),(731,5,5,'2008-06-01',16,41),(732,11,2,'2007-09-05',20,69),(733,11,4,'2007-01-11',20,30),(734,19,4,'2007-10-13',18,9),(735,19,1,'2008-01-12',5,27),(736,14,1,'2007-08-13',10,24),(737,13,3,'2007-09-18',1,89),(738,14,5,'2007-09-27',1,16),(739,12,5,'2007-01-14',19,63),(740,9,4,'2007-01-08',3,47),(741,18,1,'2008-05-27',5,24),(742,6,5,'2008-10-04',8,67),(743,19,2,'2007-07-16',20,66),(744,13,4,'2008-12-15',17,9),(745,15,1,'2008-05-12',17,25),(746,4,2,'2008-01-15',1,27),(747,6,2,'2007-11-16',2,37),(748,11,4,'2007-09-12',7,82),(749,17,3,'2007-10-25',2,45),(750,19,1,'2007-06-29',9,2),(751,19,5,'2008-07-28',12,41),(752,1,4,'2007-04-26',18,91),(753,13,2,'2007-11-10',9,22),(754,7,5,'2007-10-28',13,67),(755,16,2,'2008-12-04',18,37),(756,13,4,'2007-01-21',20,62),(757,4,3,'2008-08-12',9,16),(758,17,4,'2008-10-24',12,46),(759,12,5,'2007-07-05',8,85),(760,11,1,'2007-01-15',11,82),(761,20,2,'2008-07-28',8,76),(762,9,4,'2007-12-16',1,15),(763,2,1,'2007-05-01',19,47),(764,17,4,'2008-07-14',16,63),(765,6,4,'2008-11-09',12,34),(766,6,3,'2007-05-10',15,1),(767,7,2,'2008-10-02',17,11),(768,1,1,'2007-01-27',15,22),(769,14,5,'2007-08-28',11,70),(770,10,2,'2008-12-07',4,87),(771,8,2,'2007-06-30',5,90),(772,5,4,'2007-02-22',13,54),(773,5,4,'2008-11-16',12,62),(774,14,3,'2007-10-01',20,49),(775,16,2,'2008-02-26',20,18),(776,9,3,'2007-10-21',12,20),(777,15,5,'2007-09-17',8,51),(778,13,2,'2007-01-15',11,19),(779,19,5,'2008-10-27',20,17),(780,20,3,'2008-05-07',2,64),(781,9,1,'2008-09-13',13,21),(782,5,2,'2008-11-25',18,85),(783,15,3,'2008-11-28',5,47),(784,8,4,'2007-10-01',5,14),(785,2,5,'2007-12-04',13,50),(786,13,1,'2007-06-15',1,2),(787,11,3,'2007-11-08',10,80),(788,4,5,'2008-05-14',19,81),(789,19,4,'2007-05-28',10,76),(790,16,4,'2008-02-20',1,28),(791,20,2,'2007-03-20',7,93),(792,6,5,'2007-10-13',18,54),(793,15,5,'2007-08-11',19,96),(794,20,2,'2007-04-05',3,91),(795,18,5,'2008-08-25',16,6),(796,12,4,'2008-10-04',3,45),(797,2,2,'2008-03-01',9,50),(798,20,5,'2007-02-01',14,43),(799,12,5,'2007-11-06',8,74),(800,19,4,'2007-04-11',7,64),(801,1,1,'2007-01-23',19,79),(802,19,4,'2007-01-04',11,7),(803,5,4,'2007-07-18',4,4),(804,7,5,'2008-10-24',18,13),(805,1,5,'2007-04-17',5,31),(806,5,3,'2008-02-04',20,32),(807,20,1,'2007-05-31',20,13),(808,7,2,'2008-06-25',8,65),(809,19,3,'2007-07-15',2,35),(810,16,5,'2007-06-20',10,87),(811,11,3,'2007-03-09',18,72),(812,9,3,'2007-12-02',9,85),(813,15,2,'2008-01-30',16,14),(814,16,3,'2008-09-19',15,30),(815,8,1,'2008-01-04',10,68),(816,8,1,'2007-02-08',20,65),(817,17,1,'2008-10-15',7,20),(818,9,4,'2008-03-07',7,52),(819,10,1,'2007-02-11',20,88),(820,4,2,'2007-01-05',8,35),(821,13,1,'2008-01-05',10,18),(822,13,5,'2007-06-02',6,28),(823,3,2,'2008-09-20',19,5),(824,20,1,'2007-05-16',1,38),(825,5,2,'2007-06-05',12,96),(826,5,2,'2007-04-01',12,66),(827,1,3,'2007-01-05',12,75),(828,6,3,'2008-07-30',8,88),(829,6,2,'2008-08-11',18,2),(830,18,5,'2008-10-31',18,48),(831,13,5,'2008-05-17',1,40),(832,8,4,'2008-05-25',16,99),(833,8,4,'2007-09-23',6,70),(834,20,4,'2007-03-30',3,3),(835,2,5,'2008-05-23',13,93),(836,2,2,'2007-03-17',12,10),(837,7,5,'2008-09-09',12,80),(838,12,4,'2008-04-16',12,28),(839,1,4,'2008-01-19',1,43),(840,14,3,'2007-02-27',15,89),(841,8,5,'2008-09-28',3,5),(842,13,3,'2008-01-29',12,54),(843,20,2,'2008-09-29',10,87),(844,13,5,'2008-02-23',3,55),(845,14,2,'2007-07-08',17,21),(846,6,3,'2008-04-07',17,73),(847,3,2,'2008-01-27',3,69),(848,2,2,'2007-06-24',13,79),(849,18,4,'2007-03-16',3,86),(850,7,4,'2007-11-11',13,49),(851,20,5,'2007-12-17',20,51),(852,15,1,'2007-12-08',9,95),(853,8,1,'2008-08-07',20,79),(854,6,2,'2008-04-29',9,87),(855,11,2,'2008-10-18',16,72),(856,9,2,'2007-03-04',19,39),(857,7,4,'2008-12-04',12,99),(858,12,4,'2007-10-18',19,38),(859,5,3,'2007-08-29',4,21),(860,9,4,'2007-10-25',10,70),(861,20,2,'2008-06-12',17,19),(862,7,1,'2008-06-08',19,15),(863,20,3,'2008-05-03',5,3),(864,4,5,'2008-12-27',19,15),(865,13,4,'2007-02-18',19,45),(866,8,5,'2008-01-01',8,39),(867,17,2,'2008-11-26',3,44),(868,17,2,'2007-06-18',10,0),(869,14,4,'2008-08-29',19,47),(870,15,4,'2007-06-10',9,62),(871,12,5,'2007-01-24',11,8),(872,16,4,'2008-04-09',13,17),(873,2,5,'2007-02-17',14,32),(874,15,3,'2007-06-14',15,60),(875,16,4,'2007-03-26',8,38),(876,3,1,'2008-12-21',9,76),(877,1,2,'2007-12-14',10,73),(878,14,3,'2007-06-13',18,98),(879,3,4,'2008-10-13',3,75),(880,19,3,'2007-11-08',17,78),(881,13,3,'2008-02-21',20,51),(882,20,1,'2008-08-02',10,3),(883,20,4,'2008-09-01',8,79),(884,5,1,'2008-09-10',5,7),(885,8,2,'2008-01-14',18,64),(886,18,3,'2008-08-12',9,20),(887,11,5,'2007-04-20',14,44),(888,2,2,'2007-08-15',18,45),(889,17,5,'2008-02-27',17,4),(890,12,1,'2008-06-25',5,8),(891,3,2,'2008-12-27',10,19),(892,10,4,'2008-04-21',6,22),(893,7,4,'2008-03-14',14,22),(894,12,5,'2007-04-26',4,51),(895,4,3,'2007-07-24',3,0),(896,20,4,'2007-06-18',11,73),(897,9,4,'2008-11-07',11,15),(898,9,4,'2007-05-04',4,6),(899,8,4,'2008-04-07',20,31),(900,10,3,'2008-02-09',5,46),(901,6,4,'2007-10-14',12,40),(902,4,2,'2008-07-19',11,25),(903,10,1,'2007-08-22',14,23),(904,5,3,'2007-03-06',10,97),(905,5,5,'2007-09-17',18,67),(906,7,3,'2008-08-28',7,83),(907,19,4,'2008-02-23',14,52),(908,12,5,'2008-03-24',20,73),(909,12,5,'2008-11-22',17,51),(910,14,1,'2008-03-31',9,86),(911,7,4,'2008-07-14',7,33),(912,8,1,'2008-01-20',11,6),(913,6,3,'2008-03-27',7,38),(914,6,4,'2007-03-31',8,70),(915,3,1,'2008-10-20',11,89),(916,10,5,'2007-10-31',6,42),(917,7,1,'2007-09-06',4,73),(918,7,3,'2007-02-05',10,52),(919,2,4,'2007-04-03',2,33),(920,19,1,'2008-02-03',18,85),(921,10,2,'2008-01-02',10,82),(922,3,5,'2007-09-09',6,28),(923,6,1,'2007-03-21',4,66),(924,12,5,'2007-11-21',7,21),(925,11,3,'2008-06-04',2,75),(926,10,4,'2008-05-25',9,36),(927,7,3,'2008-04-22',20,73),(928,3,3,'2007-06-25',20,16),(929,6,2,'2008-03-05',17,10),(930,20,3,'2008-02-02',7,28),(931,4,5,'2007-03-10',10,97),(932,9,2,'2008-10-05',8,89),(933,1,5,'2008-03-21',2,87),(934,17,2,'2008-10-13',16,20),(935,11,5,'2008-03-19',8,17),(936,17,5,'2007-03-04',6,94),(937,2,1,'2008-06-25',10,31),(938,13,3,'2008-03-18',12,17),(939,14,5,'2008-07-02',6,31),(940,15,2,'2008-05-21',12,46),(941,8,3,'2008-10-10',4,73),(942,12,4,'2008-01-27',12,68),(943,18,1,'2007-08-25',4,17),(944,17,4,'2007-02-26',8,67),(945,9,1,'2007-03-14',18,9),(946,6,3,'2007-06-21',6,36),(947,12,1,'2007-11-15',11,78),(948,17,3,'2007-09-02',7,35),(949,12,1,'2008-07-13',12,57),(950,12,1,'2007-06-09',13,16),(951,7,5,'2007-08-26',17,44),(952,3,4,'2007-01-31',9,12),(953,9,1,'2007-11-16',7,47),(954,16,2,'2008-06-09',15,73),(955,12,5,'2007-07-13',6,8),(956,9,1,'2007-03-10',12,55),(957,3,4,'2007-09-15',14,50),(958,9,4,'2008-07-10',4,89),(959,4,5,'2008-10-15',4,28),(960,4,2,'2008-11-28',13,75),(961,14,4,'2007-10-14',15,90),(962,9,3,'2007-08-15',2,32),(963,4,3,'2007-04-08',13,57),(964,15,4,'2007-02-15',14,51),(965,9,2,'2007-04-02',11,12),(966,4,3,'2007-09-19',19,71),(967,14,2,'2008-02-07',11,18),(968,1,4,'2008-03-25',17,34),(969,11,2,'2008-12-10',19,96),(970,18,2,'2008-10-24',3,37),(971,20,5,'2007-11-27',7,27),(972,18,3,'2007-10-10',13,11),(973,14,1,'2008-05-21',17,50),(974,6,3,'2008-06-22',9,59),(975,13,1,'2007-02-24',6,96),(976,20,4,'2008-10-31',17,92),(977,1,5,'2008-02-25',7,37),(978,7,2,'2007-03-31',7,64),(979,3,3,'2007-10-30',2,60),(980,13,3,'2007-10-16',3,40),(981,20,2,'2007-09-09',10,61),(982,10,1,'2008-02-20',6,51),(983,1,4,'2008-06-07',9,1),(984,19,5,'2007-11-17',20,89),(985,9,5,'2008-10-05',7,48),(986,10,2,'2008-07-09',3,68),(987,1,4,'2008-04-13',2,43),(988,7,3,'2007-10-29',1,66),(989,2,5,'2008-05-11',19,6),(990,18,5,'2007-03-27',6,90),(991,8,1,'2007-05-11',16,15),(992,1,5,'2008-05-26',2,48),(993,5,5,'2008-07-27',8,49),(994,18,3,'2007-12-04',4,92),(995,18,4,'2008-01-23',17,48),(996,12,4,'2007-01-01',7,90),(997,4,3,'2008-07-10',15,0),(998,14,4,'2008-10-05',17,67),(999,6,4,'2007-05-24',20,0),(1000,2,2,'2008-07-17',17,15),(1001,9,5,'2007-01-07',16,93),(1002,19,3,'2008-12-21',17,43),(1003,14,3,'2008-01-14',11,46),(1004,10,4,'2007-12-03',5,84),(1005,19,2,'2008-04-30',19,38),(1006,4,4,'2007-09-14',15,49),(1007,11,1,'2007-07-02',17,30),(1008,20,1,'2007-02-28',8,72),(1009,14,1,'2007-08-27',1,90),(1010,16,5,'2008-06-27',7,3),(1011,11,3,'2007-11-03',2,68),(1012,1,3,'2008-05-17',7,60),(1013,8,2,'2007-08-09',2,93),(1014,13,3,'2007-02-01',9,27),(1015,6,1,'2007-07-09',6,48),(1016,4,2,'2007-07-14',7,75),(1017,2,2,'2008-07-22',12,9),(1018,13,4,'2008-09-09',3,30),(1019,10,1,'2008-04-19',11,25),(1020,17,3,'2008-05-29',3,13),(1021,8,2,'2008-12-09',6,86),(1022,10,1,'2007-06-17',9,12),(1023,14,4,'2008-02-15',10,18),(1024,9,2,'2008-05-11',3,48),(1025,13,1,'2007-09-23',8,47),(1026,1,3,'2008-02-02',20,100),(1027,2,4,'2008-09-05',9,35),(1028,17,5,'2008-07-20',5,2),(1029,20,1,'2007-09-15',8,93),(1030,7,3,'2008-06-14',10,62),(1031,16,5,'2008-01-10',7,14),(1032,6,5,'2008-08-15',5,13),(1033,12,2,'2008-01-09',7,56),(1034,14,3,'2007-03-04',16,61),(1035,19,5,'2008-06-11',11,73),(1036,7,3,'2007-04-24',3,0),(1037,10,1,'2007-07-21',17,59),(1038,19,1,'2008-11-06',13,95),(1039,14,3,'2008-09-13',1,14),(1040,2,3,'2007-07-20',1,17),(1041,10,1,'2008-05-23',5,84),(1042,11,1,'2008-09-23',4,6),(1043,1,3,'2008-06-13',10,47),(1044,16,1,'2008-11-20',9,13),(1045,11,5,'2007-09-01',9,9),(1046,20,5,'2008-10-27',5,52),(1047,3,3,'2008-01-21',14,58),(1048,10,4,'2008-05-06',12,66),(1049,11,1,'2008-05-22',20,55),(1050,16,4,'2007-04-14',16,97),(1051,5,2,'2008-03-28',19,0),(1052,4,1,'2007-12-24',18,42),(1053,11,4,'2007-01-19',11,86),(1054,7,2,'2008-11-02',9,65),(1055,20,4,'2007-07-07',17,21),(1056,8,4,'2008-02-02',5,55),(1057,1,1,'2008-09-05',19,45),(1058,13,4,'2007-09-13',10,17),(1059,12,5,'2007-06-09',10,76),(1060,10,5,'2008-03-20',7,3),(1061,1,2,'2008-07-10',20,57),(1062,14,2,'2007-06-26',14,4),(1063,17,4,'2008-01-22',8,0),(1064,11,4,'2007-04-19',19,41),(1065,10,4,'2007-05-17',15,19),(1066,18,4,'2007-07-22',7,42),(1067,7,2,'2007-09-16',15,60),(1068,17,2,'2008-10-22',12,27),(1069,15,4,'2007-11-10',1,38),(1070,6,4,'2008-02-08',11,70),(1071,19,3,'2008-11-29',5,53),(1072,15,5,'2007-08-10',7,91),(1073,8,5,'2008-07-29',1,84),(1074,14,5,'2007-09-26',15,0),(1075,18,5,'2008-10-18',17,19),(1076,15,1,'2007-07-20',1,49),(1077,6,1,'2008-04-02',1,95),(1078,7,5,'2007-05-24',18,68),(1079,4,1,'2008-01-19',16,54),(1080,6,1,'2007-10-05',19,45),(1081,4,3,'2007-12-01',17,13),(1082,13,1,'2008-01-03',14,86),(1083,6,2,'2008-12-04',2,10),(1084,1,1,'2007-12-09',5,70),(1085,20,3,'2008-10-22',20,54),(1086,9,5,'2008-10-11',19,83),(1087,8,3,'2008-04-21',2,3),(1088,2,1,'2007-02-15',19,10),(1089,6,1,'2007-06-20',2,50),(1090,8,4,'2008-10-22',15,2),(1091,14,5,'2007-07-15',6,9),(1092,5,5,'2008-01-08',20,29),(1093,7,3,'2008-06-28',14,37),(1094,14,3,'2007-10-27',5,58),(1095,12,2,'2008-12-29',13,35),(1096,9,4,'2007-05-09',16,23),(1097,10,5,'2007-04-16',12,79),(1098,12,4,'2008-07-04',8,70),(1099,8,2,'2007-02-05',13,66),(1100,1,5,'2007-06-13',11,60),(1101,20,5,'2007-06-22',16,53),(1102,7,4,'2008-12-28',20,79),(1103,20,3,'2007-02-23',15,14),(1104,20,1,'2008-03-12',13,46),(1105,4,2,'2008-05-04',14,85),(1106,16,2,'2008-12-05',17,55),(1107,7,5,'2008-11-26',2,16),(1108,2,2,'2007-12-31',13,53),(1109,8,2,'2007-05-27',18,21),(1110,11,2,'2008-08-21',11,88),(1111,13,5,'2007-07-29',16,25),(1112,10,2,'2007-06-01',6,84),(1113,2,2,'2008-11-22',15,10),(1114,15,2,'2008-05-21',2,9),(1115,1,5,'2007-10-14',12,40),(1116,15,1,'2007-05-22',7,66),(1117,14,5,'2008-11-11',9,97),(1118,6,5,'2007-07-11',6,37),(1119,1,2,'2007-12-20',6,86),(1120,16,2,'2008-07-21',10,51),(1121,4,2,'2007-03-01',2,11),(1122,18,1,'2007-08-27',18,68),(1123,10,5,'2007-06-09',1,78),(1124,3,4,'2008-08-31',1,34),(1125,8,4,'2008-02-29',16,80),(1126,17,2,'2007-05-20',3,59),(1127,12,2,'2008-07-30',5,75),(1128,5,3,'2007-11-16',7,93),(1129,15,5,'2007-02-09',19,50),(1130,16,2,'2007-04-14',4,43),(1131,7,2,'2007-11-11',6,53),(1132,7,1,'2007-02-08',12,5),(1133,16,5,'2007-09-23',20,29),(1134,4,4,'2007-03-11',20,5),(1135,2,4,'2008-09-14',20,42),(1136,11,2,'2008-02-23',11,43),(1137,17,1,'2008-12-18',9,63),(1138,9,1,'2007-05-11',11,13),(1139,12,1,'2008-10-10',3,81),(1140,12,2,'2007-02-07',7,97),(1141,6,3,'2007-01-09',20,36),(1142,2,4,'2007-04-24',16,65),(1143,8,3,'2007-02-16',6,47),(1144,6,4,'2007-07-19',17,97),(1145,4,5,'2007-07-05',8,66),(1146,1,5,'2008-08-09',6,53),(1147,9,5,'2007-06-16',3,71),(1148,11,2,'2008-06-23',19,67),(1149,4,5,'2007-12-04',18,12),(1150,2,1,'2008-06-02',1,92),(1151,2,4,'2008-07-16',18,40),(1152,18,1,'2008-05-04',5,4),(1153,7,4,'2007-03-09',19,13),(1154,12,5,'2007-07-28',3,87),(1155,9,4,'2008-01-26',11,8),(1156,17,4,'2007-05-05',16,49),(1157,13,4,'2008-06-08',1,54),(1158,12,4,'2008-02-04',18,81),(1159,9,3,'2008-03-29',11,93),(1160,14,1,'2007-09-08',9,99),(1161,20,4,'2007-10-06',2,58),(1162,7,5,'2008-12-13',8,10),(1163,15,2,'2008-07-10',12,86),(1164,17,4,'2008-12-13',2,43),(1165,4,2,'2008-08-03',8,34),(1166,1,2,'2007-10-10',16,48),(1167,3,3,'2008-11-04',11,53),(1168,8,3,'2007-07-14',19,43),(1169,2,2,'2007-01-20',3,31),(1170,15,4,'2008-06-22',8,96),(1171,2,2,'2007-04-19',9,11),(1172,20,4,'2008-08-25',13,33),(1173,10,1,'2008-04-25',9,50),(1174,17,1,'2007-05-09',3,10),(1175,20,2,'2007-10-11',18,45),(1176,17,1,'2008-06-07',4,6),(1177,2,5,'2008-04-04',9,84),(1178,20,3,'2008-04-24',2,63),(1179,7,4,'2008-12-15',20,42),(1180,13,3,'2007-02-15',8,74),(1181,11,4,'2007-05-04',15,98),(1182,3,3,'2008-01-16',15,48),(1183,7,4,'2008-09-22',15,63),(1184,12,2,'2007-07-10',6,68),(1185,11,3,'2007-03-12',13,44),(1186,5,1,'2008-10-27',15,53),(1187,6,5,'2007-06-11',15,94),(1188,13,4,'2008-08-30',3,18),(1189,20,5,'2008-02-19',17,64),(1190,12,2,'2008-11-09',19,60),(1191,19,5,'2008-06-20',9,50),(1192,1,4,'2008-12-12',4,100),(1193,10,3,'2008-12-13',1,62),(1194,19,1,'2007-03-25',2,7),(1195,11,5,'2007-02-18',13,41),(1196,19,3,'2007-02-12',1,11),(1197,6,3,'2008-04-08',9,79),(1198,2,5,'2008-11-13',7,94),(1199,5,1,'2007-07-03',14,0),(1200,17,5,'2007-08-01',12,34),(1201,3,2,'2008-06-16',11,94),(1202,19,5,'2008-06-14',13,54),(1203,11,1,'2007-12-23',4,68),(1204,10,2,'2007-09-04',16,1),(1205,9,1,'2008-11-07',6,87),(1206,7,3,'2007-11-22',7,37),(1207,18,2,'2007-12-21',2,50),(1208,6,3,'2007-02-21',6,94),(1209,8,1,'2007-05-18',16,34),(1210,19,2,'2007-08-07',4,20),(1211,15,2,'2008-05-17',2,100),(1212,9,2,'2008-05-29',12,17),(1213,10,2,'2008-05-03',2,68),(1214,1,4,'2008-10-10',14,53),(1215,11,1,'2008-10-14',15,60),(1216,6,2,'2008-05-06',16,40),(1217,11,3,'2008-06-05',7,79),(1218,15,5,'2008-12-30',2,39),(1219,7,3,'2008-03-18',17,95),(1220,6,1,'2007-01-13',14,57),(1221,15,1,'2008-12-21',16,35),(1222,20,2,'2008-03-11',10,87),(1223,15,4,'2007-04-05',20,49),(1224,7,4,'2007-01-04',9,15),(1225,19,3,'2007-10-14',14,54),(1226,6,5,'2008-10-16',16,5),(1227,3,4,'2008-02-22',19,4),(1228,16,2,'2007-08-09',18,2),(1229,12,4,'2007-12-25',13,66),(1230,15,1,'2007-12-15',12,50),(1231,19,5,'2007-11-07',19,16),(1232,2,3,'2007-07-31',8,47),(1233,16,2,'2007-05-03',15,13),(1234,16,5,'2007-05-07',7,51),(1235,17,4,'2007-05-04',6,64),(1236,2,1,'2008-01-25',16,47),(1237,11,1,'2008-10-03',6,31),(1238,13,3,'2008-09-06',4,78),(1239,13,2,'2008-11-29',20,76),(1240,19,4,'2008-09-24',3,68),(1241,11,1,'2007-09-13',4,69),(1242,15,2,'2007-01-14',5,88),(1243,19,3,'2007-11-05',5,55),(1244,7,3,'2008-11-09',5,8),(1245,2,4,'2007-09-13',18,44),(1246,10,5,'2007-12-26',18,84),(1247,1,4,'2007-06-01',5,97),(1248,19,2,'2007-07-22',16,86),(1249,18,2,'2008-11-02',8,10),(1250,3,2,'2008-10-13',19,84),(1251,19,2,'2007-10-21',11,61),(1252,1,3,'2008-11-24',15,10),(1253,12,1,'2007-06-23',17,79),(1254,12,2,'2008-11-22',1,20),(1255,15,5,'2007-11-19',10,20),(1256,14,4,'2007-11-04',1,16),(1257,14,5,'2008-01-20',17,45),(1258,15,5,'2007-04-28',7,81),(1259,17,5,'2008-01-15',17,19),(1260,4,4,'2007-05-28',16,74),(1261,17,4,'2008-06-03',14,62),(1262,8,1,'2007-01-10',12,100),(1263,18,2,'2007-12-04',6,40),(1264,19,5,'2008-08-24',14,66),(1265,11,5,'2008-05-21',12,25),(1266,3,3,'2008-02-10',11,82),(1267,17,5,'2007-02-16',19,51),(1268,7,4,'2008-09-08',16,73),(1269,18,3,'2008-11-17',11,31),(1270,7,5,'2007-02-10',20,50),(1271,13,1,'2007-04-22',7,10),(1272,11,4,'2008-11-04',19,3),(1273,11,1,'2007-09-24',18,73),(1274,6,2,'2007-02-09',11,43),(1275,8,1,'2007-12-17',13,31),(1276,1,3,'2008-02-10',17,26),(1277,12,1,'2008-04-10',12,73),(1278,2,1,'2008-11-02',6,20),(1279,2,1,'2008-07-14',5,83),(1280,5,2,'2008-07-11',6,58),(1281,8,2,'2007-09-15',3,25),(1282,11,1,'2007-09-21',13,1),(1283,5,5,'2007-01-15',17,98),(1284,11,4,'2007-01-26',8,49),(1285,8,5,'2008-11-30',14,29),(1286,16,5,'2008-10-21',12,70),(1287,19,4,'2007-12-24',3,25),(1288,11,3,'2008-03-20',5,61),(1289,12,3,'2007-11-26',9,67),(1290,19,5,'2007-08-15',3,57),(1291,5,5,'2007-09-29',1,86),(1292,17,1,'2008-10-02',8,98),(1293,1,1,'2007-02-12',16,35),(1294,5,5,'2008-10-22',12,27),(1295,16,4,'2007-12-22',9,94),(1296,8,1,'2008-03-17',7,26),(1297,1,5,'2007-09-25',7,52),(1298,18,3,'2007-09-15',12,92),(1299,17,4,'2008-11-16',3,8),(1300,6,4,'2008-01-17',18,87),(1301,9,5,'2008-10-13',15,76),(1302,4,1,'2008-03-05',19,7),(1303,12,5,'2007-09-22',6,53),(1304,13,3,'2007-04-23',3,19),(1305,17,4,'2007-12-08',6,83),(1306,3,2,'2007-07-30',16,76),(1307,16,3,'2007-03-09',11,14),(1308,3,5,'2007-09-03',1,15),(1309,11,5,'2008-08-30',5,78),(1310,8,2,'2008-08-15',6,0),(1311,3,1,'2008-09-02',10,50),(1312,12,2,'2007-02-15',2,3),(1313,1,1,'2007-03-23',9,11),(1314,8,1,'2008-07-06',19,45),(1315,19,4,'2007-03-23',14,58),(1316,16,3,'2007-06-27',14,17),(1317,18,5,'2007-12-26',15,58),(1318,6,3,'2007-05-30',6,55),(1319,19,3,'2008-11-20',7,35),(1320,4,4,'2008-12-30',6,18),(1321,1,3,'2007-07-20',1,9),(1322,7,4,'2007-07-14',1,85),(1323,1,1,'2007-01-28',4,33),(1324,5,5,'2007-08-02',11,28),(1325,16,2,'2008-04-15',7,69),(1326,6,3,'2007-08-06',5,89),(1327,18,4,'2008-02-01',8,15),(1328,13,4,'2007-04-18',19,97),(1329,9,2,'2007-02-10',17,48),(1330,12,4,'2007-02-22',20,50),(1331,5,4,'2007-07-21',14,24),(1332,2,2,'2008-06-24',4,74),(1333,11,2,'2007-06-22',20,2),(1334,11,3,'2007-06-25',2,92),(1335,9,2,'2008-06-26',7,29),(1336,14,5,'2008-09-16',12,90),(1337,6,3,'2007-09-07',7,63),(1338,18,5,'2008-09-16',15,11),(1339,10,2,'2008-11-05',19,51),(1340,3,3,'2008-12-07',15,24),(1341,9,2,'2007-01-22',7,63),(1342,2,3,'2007-11-26',12,19),(1343,18,5,'2008-12-13',2,4),(1344,13,5,'2007-12-05',19,48),(1345,13,2,'2008-06-05',16,17),(1346,11,3,'2008-02-26',14,39),(1347,5,3,'2008-05-11',10,49),(1348,1,4,'2007-11-07',2,40),(1349,13,2,'2007-06-16',7,18),(1350,10,1,'2008-05-01',7,69),(1351,2,1,'2007-04-17',4,14),(1352,20,5,'2007-07-03',11,34),(1353,19,1,'2008-02-06',18,98),(1354,16,1,'2008-08-04',9,9),(1355,10,5,'2007-08-10',13,14),(1356,7,1,'2008-01-14',6,87),(1357,5,2,'2008-12-24',5,14),(1358,15,1,'2008-09-12',7,80),(1359,19,5,'2008-02-04',11,12),(1360,17,3,'2008-06-22',12,80),(1361,14,1,'2008-05-03',18,22),(1362,8,4,'2008-05-15',16,42),(1363,19,3,'2007-05-07',11,79),(1364,13,3,'2007-11-21',8,58),(1365,20,4,'2008-09-21',10,10),(1366,12,1,'2007-06-17',2,33),(1367,16,2,'2007-02-05',1,10),(1368,2,3,'2007-08-26',17,30),(1369,2,4,'2008-11-08',9,97),(1370,11,3,'2008-04-23',1,88),(1371,2,3,'2008-03-26',17,96),(1372,4,2,'2007-01-10',14,84),(1373,1,5,'2008-09-09',20,85),(1374,13,1,'2008-01-26',17,94),(1375,17,4,'2008-02-12',15,25),(1376,15,3,'2008-02-03',12,35),(1377,15,4,'2007-06-30',12,65),(1378,12,4,'2007-12-28',11,13),(1379,4,3,'2008-06-27',15,65),(1380,16,5,'2008-03-10',15,12),(1381,14,5,'2008-11-15',3,7),(1382,1,3,'2008-10-22',18,36),(1383,10,5,'2008-11-17',10,86),(1384,10,2,'2008-07-26',10,89),(1385,1,5,'2008-08-30',7,60),(1386,2,3,'2007-01-27',20,42),(1387,7,3,'2008-09-12',8,37),(1388,1,5,'2008-10-22',3,31),(1389,5,2,'2008-08-22',3,56),(1390,5,1,'2007-02-18',1,75),(1391,17,3,'2008-07-22',6,65),(1392,15,2,'2007-08-01',13,93),(1393,9,3,'2007-12-04',13,29),(1394,7,5,'2007-05-26',15,93),(1395,5,4,'2007-10-12',16,30),(1396,10,2,'2008-09-28',5,19),(1397,16,2,'2008-05-22',20,52),(1398,12,5,'2008-10-25',18,44),(1399,13,2,'2007-11-16',6,91),(1400,17,2,'2007-12-20',10,65),(1401,1,5,'2007-11-25',17,95),(1402,12,4,'2007-01-04',19,37),(1403,10,5,'2007-01-07',7,81),(1404,14,3,'2007-04-23',12,90),(1405,18,5,'2008-01-13',12,65),(1406,11,4,'2007-04-14',12,90),(1407,6,4,'2008-10-17',12,2),(1408,13,3,'2008-03-08',3,17),(1409,13,1,'2008-09-23',4,39),(1410,18,2,'2008-09-01',3,72),(1411,3,3,'2007-11-11',17,4),(1412,19,2,'2008-03-03',7,4),(1413,3,4,'2007-07-29',8,29),(1414,15,3,'2007-07-20',8,63),(1415,19,2,'2007-12-21',15,82),(1416,12,4,'2008-10-19',12,73),(1417,20,4,'2008-09-06',2,94),(1418,8,1,'2007-08-20',8,53),(1419,16,4,'2007-06-26',5,86),(1420,16,3,'2007-08-06',10,46),(1421,2,3,'2007-01-07',17,97),(1422,20,2,'2008-09-19',15,94),(1423,9,4,'2008-07-23',13,92),(1424,3,1,'2007-12-26',17,100),(1425,13,5,'2008-05-10',9,47),(1426,7,3,'2008-03-06',16,13),(1427,5,4,'2008-07-30',1,45),(1428,13,3,'2007-04-03',3,75),(1429,13,5,'2007-05-16',6,11),(1430,2,4,'2008-04-19',13,29),(1431,19,4,'2007-11-09',10,60),(1432,11,1,'2008-06-20',17,48),(1433,3,2,'2007-09-12',11,23),(1434,20,5,'2008-11-25',6,76),(1435,3,5,'2008-07-10',12,37),(1436,11,4,'2007-06-19',16,30),(1437,2,1,'2007-01-24',19,6),(1438,16,1,'2007-07-30',9,37),(1439,15,4,'2008-08-07',6,54),(1440,14,4,'2008-04-09',6,56),(1441,5,5,'2007-10-07',5,95),(1442,15,3,'2008-10-21',19,7),(1443,1,5,'2008-06-09',18,98),(1444,8,5,'2007-01-23',6,65),(1445,1,2,'2007-06-16',20,100),(1446,13,4,'2008-06-11',20,46),(1447,4,2,'2007-06-10',1,96),(1448,15,4,'2008-11-01',18,63),(1449,2,1,'2008-11-16',12,15),(1450,2,5,'2008-04-10',9,22),(1451,16,2,'2007-12-31',15,82),(1452,11,1,'2008-12-24',11,66),(1453,13,3,'2007-04-03',17,37),(1454,7,2,'2008-04-21',15,20),(1455,14,3,'2008-02-12',18,92),(1456,17,1,'2008-04-17',5,33),(1457,1,1,'2007-08-16',17,39),(1458,7,4,'2007-11-26',3,73),(1459,7,4,'2007-08-01',16,53),(1460,2,5,'2008-01-25',4,44),(1461,5,2,'2008-03-17',15,75),(1462,18,5,'2007-01-25',10,55),(1463,20,4,'2007-04-24',5,68),(1464,9,2,'2007-09-29',13,65),(1465,8,4,'2007-03-26',6,51),(1466,13,5,'2008-07-07',9,100),(1467,4,5,'2008-01-16',10,80),(1468,6,4,'2007-04-17',15,84),(1469,20,5,'2008-07-18',10,90),(1470,9,1,'2007-09-12',18,24),(1471,3,4,'2008-08-07',10,0),(1472,5,3,'2007-02-07',1,44),(1473,12,4,'2007-03-17',13,59),(1474,20,2,'2007-07-13',1,11),(1475,2,1,'2007-11-13',4,50),(1476,16,2,'2008-03-31',20,8),(1477,12,1,'2007-10-24',19,88),(1478,10,2,'2007-07-02',13,52),(1479,2,2,'2008-11-07',16,7),(1480,17,3,'2007-05-08',7,80),(1481,2,3,'2007-10-18',6,22),(1482,9,5,'2008-03-10',1,57),(1483,16,5,'2008-05-10',5,58),(1484,2,3,'2008-12-20',19,22),(1485,8,5,'2008-04-12',16,33),(1486,16,2,'2008-11-11',5,68),(1487,19,3,'2008-04-16',17,98),(1488,9,2,'2008-02-22',15,75),(1489,5,5,'2007-04-08',18,68),(1490,8,5,'2007-01-05',19,17),(1491,8,2,'2008-10-27',15,26),(1492,18,1,'2007-02-17',2,51),(1493,10,5,'2008-11-30',9,63),(1494,10,4,'2008-02-29',15,90),(1495,15,3,'2008-12-26',15,31),(1496,14,5,'2008-08-14',5,89),(1497,13,1,'2008-01-24',3,29),(1498,15,2,'2008-01-10',20,93),(1499,9,5,'2007-07-18',11,82),(1500,2,3,'2008-02-15',17,83);
/*!40000 ALTER TABLE `Commande` ENABLE KEYS */;
UNLOCK TABLES;

--
-- Table structure for table `CommandeProduit`
--

DROP TABLE IF EXISTS `CommandeProduit`;
/*!40101 SET @saved_cs_client     = @@character_set_client */;
/*!50503 SET character_set_client = utf8mb4 */;
CREATE TABLE `CommandeProduit` (
  `CommandeID` int DEFAULT NULL,
  `ProduitID` int DEFAULT NULL,
  `Quantite` int DEFAULT NULL,
  KEY `CommandeID` (`CommandeID`),
  KEY `ProduitID` (`ProduitID`),
  CONSTRAINT `CommandeProduit_ibfk_1` FOREIGN KEY (`CommandeID`) REFERENCES `Commande` (`CommandeID`),
  CONSTRAINT `CommandeProduit_ibfk_2` FOREIGN KEY (`ProduitID`) REFERENCES `Produit` (`ProduitID`)
) ENGINE=InnoDB AUTO_INCREMENT=101 DEFAULT CHARSET=utf8mb4 COLLATE=utf8mb4_general_ci;
/*!40101 SET character_set_client = @saved_cs_client */;

--
-- Dumping data for table `CommandeProduit`
--

LOCK TABLES `CommandeProduit` WRITE;
/*!40000 ALTER TABLE `CommandeProduit` DISABLE KEYS */;
/*!40000 ALTER TABLE `CommandeProduit` ENABLE KEYS */;
UNLOCK TABLES;

--
-- Table structure for table `Magasin`
--

DROP TABLE IF EXISTS `Magasin`;
/*!40101 SET @saved_cs_client     = @@character_set_client */;
/*!50503 SET character_set_client = utf8mb4 */;
CREATE TABLE `Magasin` (
  `MagasinID` int NOT NULL,
  `NomMagasin` varchar(100) DEFAULT NULL,
  `Adresse` varchar(255) DEFAULT NULL,
  `Ville` varchar(50) DEFAULT NULL,
  `CodePostal` varchar(10) DEFAULT NULL,
  PRIMARY KEY (`MagasinID`)
) ENGINE=InnoDB AUTO_INCREMENT=101 DEFAULT CHARSET=utf8mb4 COLLATE=utf8mb4_general_ci;
/*!40101 SET character_set_client = @saved_cs_client */;

--
-- Dumping data for table `Magasin`
--

LOCK TABLES `Magasin` WRITE;
/*!40000 ALTER TABLE `Magasin` DISABLE KEYS */;
/*!40000 ALTER TABLE `Magasin` ENABLE KEYS */;
UNLOCK TABLES;

--
-- Table structure for table `Produit`
--

DROP TABLE IF EXISTS `Produit`;
/*!40101 SET @saved_cs_client     = @@character_set_client */;
/*!50503 SET character_set_client = utf8mb4 */;
CREATE TABLE `Produit` (
  `ProduitID` int NOT NULL,
  `Designation` varchar(100) DEFAULT NULL,
  `PrixUnitaire` decimal(10,2) DEFAULT NULL,
  PRIMARY KEY (`ProduitID`)
) ENGINE=InnoDB AUTO_INCREMENT=101 DEFAULT CHARSET=utf8mb4 COLLATE=utf8mb4_general_ci;
/*!40101 SET character_set_client = @saved_cs_client */;

--
-- Dumping data for table `Produit`
--

LOCK TABLES `Produit` WRITE;
/*!40000 ALTER TABLE `Produit` DISABLE KEYS */;
INSERT INTO `Produit` VALUES (1,'Tlviseur Samsung QLED 4K',3.00),(4,'Machine  laver Whirlpool Front Load',6.00),(7,'Console de jeux Sony PlayStation 5',9.00),(10,'Vlo lectrique Trek Domane+',12.00),(13,'Casque audio Bose QuietComfort 35 II',15.00),(16,'Grille-pain KitchenAid',18.00),(19,'Blender Vitamix',21.00),(22,'Chaussures de course Nike Air Zoom Pegasus',24.00),(25,'Vlo de montagne Specialized Stumpjumper',27.00),(28,'Mixer  main KitchenAid',30.00),(31,'Fer  repasser Rowenta Steamforce',33.00),(34,'Tondeuse  barbe Philips Norelco',36.00),(37,'Plaque chauffante Cuisinart',39.00),(40,'Bateau gonflable Intex Excursion',42.00),(43,'Casque de ralit virtuelle Oculus Quest 2',45.00),(46,'Guitare lectrique Fender Stratocaster',48.00),(49,'Tondeuse  cheveux Wahl Elite Pro',51.00),(52,'Tlobjectif Nikon AF-S NIKKOR 70-200mm',54.00),(55,'Table de baby-foot Garlando G-500',57.00),(58,'Paddleboard gonflable iRocker Cruiser',60.00);
/*!40000 ALTER TABLE `Produit` ENABLE KEYS */;
UNLOCK TABLES;

--
-- Table structure for table `Vendeur`
--

DROP TABLE IF EXISTS `Vendeur`;
/*!40101 SET @saved_cs_client     = @@character_set_client */;
/*!50503 SET character_set_client = utf8mb4 */;
CREATE TABLE `Vendeur` (
  `VendeurID` int NOT NULL,
  `Prenom` varchar(50) DEFAULT NULL,
  `Nom` varchar(50) DEFAULT NULL,
  `Telephone` varchar(15) DEFAULT NULL,
  `Sexe` char(1) DEFAULT NULL,
  PRIMARY KEY (`VendeurID`)
) ENGINE=InnoDB AUTO_INCREMENT=101 DEFAULT CHARSET=utf8mb4 COLLATE=utf8mb4_general_ci;
/*!40101 SET character_set_client = @saved_cs_client */;

--
-- Dumping data for table `Vendeur`
--

LOCK TABLES `Vendeur` WRITE;
/*!40000 ALTER TABLE `Vendeur` DISABLE KEYS */;
INSERT INTO `Vendeur` VALUES (1,'Herbert','Roosevelt','70-280-11-57','F'),(2,'Martin','Harrison','77-581-18-02','M'),(3,'Lyndon','Coolidge','78-826-19-46','M'),(4,'Millard','Ford','76-930-22-13','M'),(5,'Lyndon','Johnson','76-515-53-51','F');
/*!40000 ALTER TABLE `Vendeur` ENABLE KEYS */;
UNLOCK TABLES;

--
-- Table structure for table `VendeurMagasin`
--

DROP TABLE IF EXISTS `VendeurMagasin`;
/*!40101 SET @saved_cs_client     = @@character_set_client */;
/*!50503 SET character_set_client = utf8mb4 */;
CREATE TABLE `VendeurMagasin` (
  `VendeurID` int DEFAULT NULL,
  `MagasinID` int DEFAULT NULL,
  KEY `VendeurID` (`VendeurID`),
  KEY `MagasinID` (`MagasinID`),
  CONSTRAINT `VendeurMagasin_ibfk_1` FOREIGN KEY (`VendeurID`) REFERENCES `Vendeur` (`VendeurID`),
  CONSTRAINT `VendeurMagasin_ibfk_2` FOREIGN KEY (`MagasinID`) REFERENCES `Magasin` (`MagasinID`)
) ENGINE=InnoDB AUTO_INCREMENT=101 DEFAULT CHARSET=utf8mb4 COLLATE=utf8mb4_general_ci;
/*!40101 SET character_set_client = @saved_cs_client */;

--
-- Dumping data for table `VendeurMagasin`
--

LOCK TABLES `VendeurMagasin` WRITE;
/*!40000 ALTER TABLE `VendeurMagasin` DISABLE KEYS */;
/*!40000 ALTER TABLE `VendeurMagasin` ENABLE KEYS */;
UNLOCK TABLES;
/*!40103 SET TIME_ZONE=@OLD_TIME_ZONE */;

/*!40101 SET SQL_MODE=@OLD_SQL_MODE */;
/*!40014 SET FOREIGN_KEY_CHECKS=@OLD_FOREIGN_KEY_CHECKS */;
/*!40014 SET UNIQUE_CHECKS=@OLD_UNIQUE_CHECKS */;
/*!40101 SET CHARACTER_SET_CLIENT=@OLD_CHARACTER_SET_CLIENT */;
/*!40101 SET CHARACTER_SET_RESULTS=@OLD_CHARACTER_SET_RESULTS */;
/*!40101 SET COLLATION_CONNECTION=@OLD_COLLATION_CONNECTION */;
/*!40111 SET SQL_NOTES=@OLD_SQL_NOTES */;

-- Dump completed on 2023-09-08 18:18:46
