id;client;vendeur;date
1;71;4;01-06-2022
2;5;2;06-03-2023
3;74;1;14-11-2023
4;25;3;06-03-2022
5;20;5;22-02-2022
6;98;1;23-06-2022
7;90;1;27-12-2023
8;84;5;28-03-2023
9;27;4;12-08-2023
10;79;2;08-02-2023
11;64;4;23-02-2023
12;44;5;16-12-2023
13;95;1;09-08-2023
14;37;1;04-11-2023
15;8;4;09-07-2022
16;50;4;21-06-2022
17;35;2;03-04-2022
18;89;3;28-06-2023
19;29;2;04-04-2022
20;3;2;04-06-2022
21;72;5;04-06-2022
22;24;1;16-09-2022
23;54;4;04-03-2023
24;60;3;19-12-2023
25;41;5;15-06-2023
26;56;5;20-05-2022
27;6;5;05-07-2023
28;56;4;24-12-2022
29;43;4;14-11-2022
30;98;3;16-02-2022
31;10;3;03-12-2023
32;11;2;28-04-2022
33;20;4;06-02-2022
34;79;3;04-02-2022
35;86;5;01-06-2023
36;24;3;20-08-2022
37;86;3;26-02-2022
38;50;2;26-03-2022
39;94;4;13-04-2022
40;66;3;04-03-2023
41;42;5;03-10-2023
42;53;3;14-08-2022
43;31;5;05-02-2022
44;52;3;10-12-2023
45;19;3;30-01-2023
46;89;1;07-04-2023
47;28;5;16-07-2022
48;26;3;09-11-2022
49;16;1;13-02-2023
50;93;1;06-08-2023
51;1;3;19-03-2023
52;52;5;03-04-2023
53;38;4;03-12-2023
54;7;2;08-07-2022
55;72;2;18-09-2023
56;92;2;08-11-2022
57;89;3;16-11-2022
58;64;3;05-06-2022
59;92;4;04-06-2022
60;58;5;05-12-2023
61;34;5;24-07-2023
62;50;3;27-09-2022
63;42;5;03-03-2022
64;89;1;17-04-2022
65;20;3;01-08-2022
66;13;3;23-01-2022
67;75;1;31-12-2022
68;92;4;22-03-2022
69;46;1;11-08-2023
70;50;3;20-08-2022
71;38;2;18-02-2022
72;31;2;28-12-2023
73;76;1;21-09-2023
74;77;5;20-06-2022
75;19;1;07-11-2023
76;43;3;19-05-2022
77;22;2;30-10-2023
78;55;5;25-09-2022
79;87;3;06-05-2022
80;58;4;03-10-2022
81;43;4;18-07-2022
82;49;5;02-08-2023
83;7;3;19-10-2022
84;53;1;18-11-2022
85;100;2;02-05-2022
86;99;2;23-01-2022
87;47;3;25-07-2023
88;55;2;01-05-2022
89;21;4;27-10-2023
90;57;2;27-10-2023
91;76;3;19-02-2022
92;26;4;06-12-2022
93;77;2;03-07-2022
94;21;5;02-07-2022
95;96;1;04-03-2023
96;42;3;28-03-2022
97;8;2;11-12-2023
98;91;5;09-11-2022
99;39;1;20-02-2022
100;88;3;07-03-2022
101;97;1;22-07-2022
102;97;2;03-03-2022
103;56;5;27-07-2023
104;3;5;28-11-2022
105;30;3;28-06-2022
106;78;1;18-08-2022
107;56;5;27-08-2023
108;41;3;12-10-2022
109;80;3;09-09-2022
110;23;1;11-01-2023
111;89;3;05-02-2023
112;13;1;11-09-2023
113;44;5;21-11-2023
114;72;3;06-08-2023
115;69;4;30-06-2022
116;30;1;20-05-2022
117;98;5;14-09-2023
118;8;5;31-01-2022
119;1;4;02-05-2022
120;45;2;12-02-2023
121;83;3;02-04-2023
122;13;3;24-08-2022
123;72;5;02-05-2023
124;50;4;08-11-2022
125;7;2;25-10-2022
126;95;1;18-08-2023
127;84;3;20-04-2022
128;99;5;25-10-2022
129;70;1;04-08-2023
130;84;2;23-01-2023
131;12;2;03-05-2022
132;91;3;29-11-2022
133;52;4;30-09-2022
134;39;1;26-05-2022
135;31;1;07-03-2022
136;20;3;25-12-2023
137;74;3;01-10-2023
138;15;2;14-11-2022
139;79;3;26-12-2022
140;81;3;14-05-2022
141;95;4;10-11-2022
142;66;1;15-11-2023
143;68;4;09-12-2023
144;79;3;19-04-2022
145;88;4;13-01-2023
146;21;5;08-06-2022
147;38;2;10-08-2023
148;49;2;22-12-2022
149;26;3;24-04-2023
150;36;1;05-06-2023
151;75;2;09-05-2023
152;72;3;07-09-2022
153;74;5;10-08-2022
154;22;3;10-04-2023
155;6;5;15-01-2023
156;36;1;24-07-2023
157;56;3;27-06-2022
158;73;3;24-03-2023
159;27;1;05-11-2023
160;78;5;03-03-2023
161;48;4;21-07-2022
162;81;5;14-11-2022
163;11;2;16-05-2022
164;56;3;02-05-2022
165;43;5;18-04-2023
166;2;2;21-12-2023
167;93;4;25-01-2022
168;29;3;03-07-2022
169;44;3;15-07-2022
170;43;2;18-12-2022
171;7;1;26-05-2023
172;59;3;03-03-2023
173;7;1;27-05-2023
174;76;4;31-05-2023
175;89;2;14-04-2023
176;63;1;16-05-2022
177;56;2;25-12-2023
178;53;2;28-04-2022
179;43;3;17-02-2022
180;24;1;23-06-2023
181;99;2;17-09-2022
182;43;4;14-04-2023
183;2;4;01-03-2023
184;64;5;24-05-2023
185;84;4;25-01-2022
186;69;4;03-11-2022
187;25;4;20-07-2023
188;31;3;06-04-2023
189;68;5;04-11-2023
190;65;4;13-11-2023
191;63;1;29-01-2023
192;8;5;22-08-2022
193;22;2;02-10-2023
194;80;1;11-08-2023
195;72;4;04-07-2023
196;55;2;09-06-2022
197;32;4;29-01-2023
198;10;5;31-08-2022
199;13;5;31-01-2023
200;25;2;03-07-2022
201;39;2;23-12-2022
202;90;5;19-03-2023
203;40;4;21-09-2022
204;12;5;04-01-2023
205;46;5;12-08-2023
206;20;1;24-09-2023
207;76;3;07-10-2022
208;100;3;27-03-2023
209;97;5;27-03-2023
210;80;5;20-02-2022
211;26;4;12-09-2022
212;53;5;10-01-2023
213;82;4;04-02-2022
214;76;3;23-09-2022
215;27;3;05-11-2023
216;29;3;24-02-2023
217;28;2;08-11-2022
218;100;1;06-07-2023
219;67;1;11-01-2023
220;23;4;05-06-2022
221;22;5;05-11-2023
222;85;1;02-12-2022
223;12;1;22-07-2023
224;81;4;13-06-2022
225;85;2;25-11-2023
226;21;3;29-06-2023
227;48;5;15-04-2022
228;91;4;29-10-2023
229;43;1;01-11-2023
230;82;4;23-08-2023
231;16;5;05-09-2023
232;64;5;01-10-2022
233;59;3;09-07-2023
234;15;1;10-08-2022
235;92;4;22-06-2022
236;52;5;16-07-2023
237;67;5;09-11-2022
238;24;3;23-01-2022
239;17;5;26-06-2023
240;85;1;23-03-2022
241;93;3;23-09-2022
242;82;5;16-12-2023
243;57;4;19-04-2023
244;75;4;22-09-2022
245;25;4;30-11-2022
246;80;5;22-07-2022
247;56;4;20-07-2022
248;54;1;04-06-2023
249;24;5;18-06-2022
250;62;3;04-04-2023
251;26;5;08-10-2022
252;97;3;28-01-2023
253;31;1;02-05-2023
254;69;5;01-07-2023
255;34;3;04-06-2023
256;13;3;08-03-2022
257;94;2;03-01-2023
258;84;3;17-11-2022
259;29;2;17-02-2022
260;80;3;29-09-2023
261;85;2;23-04-2023
262;36;5;19-12-2022
263;15;3;12-12-2023
264;73;1;12-10-2022
265;84;4;01-09-2023
266;80;2;18-01-2022
267;61;2;26-12-2022
268;62;5;10-02-2023
269;60;4;13-08-2023
270;91;2;15-09-2023
271;36;1;12-02-2023
272;6;2;16-12-2022
273;78;2;20-11-2022
274;75;2;08-07-2023
275;96;3;02-06-2022
276;35;1;30-07-2022
277;46;5;01-03-2023
278;39;3;11-02-2023
279;34;5;20-12-2022
280;3;3;13-01-2023
281;12;3;10-06-2023
282;23;2;24-08-2023
283;68;2;22-07-2022
284;3;5;26-11-2022
285;9;4;07-10-2022
286;21;1;22-07-2023
287;11;4;22-05-2022
288;39;4;11-05-2023
289;83;5;06-09-2022
290;81;3;07-01-2023
291;1;4;20-09-2023
292;49;3;12-11-2023
293;63;4;21-04-2023
294;11;5;26-02-2022
295;71;2;21-03-2023
296;96;2;11-02-2022
297;93;3;12-03-2022
298;87;5;11-06-2023
299;43;3;25-06-2023
300;10;4;17-05-2023
301;7;1;27-09-2023
302;99;3;12-06-2023
303;59;2;27-04-2023
304;40;1;17-10-2022
305;89;3;21-01-2022
306;51;2;22-03-2022
307;1;2;08-02-2022
308;23;3;11-09-2023
309;87;2;02-11-2022
310;81;3;10-10-2023
311;1;2;12-09-2023
312;79;1;26-05-2023
313;32;4;03-07-2022
314;58;4;26-06-2023
315;79;5;10-07-2023
316;57;1;12-08-2022
317;42;2;03-11-2023
318;52;4;20-01-2023
319;53;1;16-03-2023
320;52;5;10-06-2022
321;47;5;23-03-2023
322;45;5;30-05-2022
323;78;3;05-05-2023
324;48;2;09-07-2023
325;26;5;25-10-2023
326;63;4;14-03-2023
327;12;4;27-06-2022
328;80;2;27-09-2022
329;88;3;22-12-2023
330;29;2;06-10-2022
331;90;2;20-03-2022
332;40;1;10-05-2023
333;35;2;29-10-2023
334;98;5;02-08-2022
335;16;5;25-08-2023
336;37;1;22-09-2023
337;62;4;15-12-2022
338;83;1;13-02-2023
339;20;3;26-10-2023
340;65;3;07-10-2022
341;91;4;05-03-2022
342;44;3;07-07-2023
343;66;5;11-08-2022
344;41;5;11-06-2022
345;5;4;08-02-2023
346;19;5;22-09-2022
347;32;3;25-09-2023
348;48;2;09-03-2023
349;67;2;29-07-2022
350;44;3;18-03-2022
351;41;4;31-05-2022
352;27;4;29-08-2023
353;22;3;14-07-2023
354;89;4;26-04-2023
355;29;4;18-09-2023
356;44;1;08-01-2022
357;19;3;04-12-2022
358;86;1;09-05-2022
359;35;1;03-11-2023
360;4;1;18-06-2023
361;28;1;21-07-2022
362;28;5;07-06-2023
363;36;5;27-06-2023
364;66;4;11-02-2022
365;54;4;31-12-2023
366;98;2;19-06-2023
367;51;2;21-05-2023
368;1;3;02-06-2023
369;79;4;15-05-2022
370;15;5;31-07-2023
371;25;5;19-12-2022
372;7;5;20-01-2023
373;12;3;02-04-2022
374;36;3;09-11-2022
375;30;5;04-07-2022
376;97;5;17-11-2023
377;66;2;05-09-2022
378;21;3;11-03-2023
379;50;2;14-01-2022
380;99;4;05-12-2023
381;39;4;27-05-2022
382;31;1;10-04-2022
383;64;2;17-04-2022
384;63;2;31-03-2022
385;48;2;09-04-2023
386;16;5;12-01-2022
387;83;4;04-10-2023
388;62;4;26-07-2022
389;16;4;14-01-2022
390;94;1;12-06-2023
391;80;1;13-11-2022
392;5;4;11-08-2023
393;27;5;17-11-2023
394;8;1;26-05-2023
395;48;3;09-07-2022
396;58;3;11-12-2023
397;85;2;19-07-2022
398;53;4;20-02-2022
399;37;3;02-11-2022
400;17;1;17-05-2023
401;22;3;14-03-2022
402;39;4;24-09-2022
403;31;4;16-02-2023
404;56;4;08-12-2023
405;68;5;19-04-2022
406;99;4;09-10-2023
407;63;3;02-03-2022
408;40;2;23-05-2023
409;27;3;24-10-2023
410;68;2;25-11-2022
411;71;2;04-09-2023
412;90;4;15-04-2023
413;22;1;30-11-2022
414;93;1;18-11-2023
415;83;4;24-08-2022
416;15;1;01-04-2023
417;46;4;05-06-2023
418;92;1;16-07-2022
419;77;1;05-07-2022
420;76;5;22-07-2022
421;45;5;05-05-2022
422;33;4;29-08-2023
423;69;4;24-02-2023
424;62;3;17-12-2022
425;30;2;08-02-2023
426;44;1;20-03-2022
427;45;3;06-10-2023
428;58;2;27-11-2023
429;13;4;14-10-2023
430;35;2;15-05-2023
431;85;4;19-12-2023
432;39;2;07-10-2022
433;74;5;22-09-2023
434;6;3;05-12-2023
435;68;3;06-11-2023
436;27;3;13-01-2023
437;65;2;12-10-2022
438;46;3;26-05-2023
439;82;5;26-11-2022
440;97;1;19-12-2022
441;29;3;24-07-2023
442;12;2;25-05-2022
443;62;2;23-03-2022
444;15;3;26-04-2022
445;67;5;11-01-2023
446;92;2;18-01-2022
447;20;3;09-06-2022
448;1;2;27-03-2022
449;95;4;30-08-2022
450;93;5;16-11-2023
451;49;5;17-02-2023
452;27;4;24-04-2022
453;3;4;23-09-2023
454;29;1;02-04-2022
455;3;5;11-05-2023
456;3;2;08-07-2022
457;65;2;29-10-2022
458;96;4;13-06-2023
459;85;3;22-05-2023
460;48;4;11-12-2022
461;20;5;25-12-2022
462;35;1;11-12-2022
463;19;3;06-05-2022
464;49;3;27-12-2023
465;56;4;20-04-2022
466;28;4;22-02-2022
467;94;2;25-10-2023
468;37;3;28-08-2023
469;86;5;27-05-2022
470;81;1;13-02-2022
471;2;2;21-09-2022
472;79;3;13-04-2022
473;55;3;05-04-2023
474;33;2;18-01-2022
475;91;4;20-07-2023
476;14;5;05-05-2023
477;30;5;29-08-2023
478;27;3;15-11-2022
479;7;2;29-03-2023
480;79;5;05-05-2022
481;48;5;10-08-2023
482;56;2;10-06-2023
483;52;5;03-11-2022
484;69;5;19-04-2022
485;63;5;31-03-2023
486;40;3;23-08-2022
487;80;5;28-04-2022
488;23;5;03-02-2023
489;55;2;04-05-2023
490;73;5;20-10-2022
491;96;2;24-01-2023
492;38;1;12-12-2023
493;8;5;16-08-2022
494;43;5;03-03-2023
495;82;2;30-03-2022
496;75;1;19-10-2022
497;53;3;10-08-2023
498;77;1;24-08-2023
499;74;4;10-09-2022
500;77;1;11-03-2022
501;88;5;10-09-2022
502;67;4;14-09-2022
503;69;1;22-09-2023
504;77;5;08-06-2022
505;60;4;01-09-2022
506;36;1;02-07-2022
507;13;4;30-09-2023
508;86;1;23-08-2023
509;47;5;27-02-2022
510;13;3;04-01-2023
511;79;3;28-08-2022
512;81;5;05-07-2023
513;12;2;26-01-2023
514;41;5;09-07-2022
515;34;2;12-05-2022
516;97;5;21-03-2022
517;100;3;26-01-2023
518;33;3;17-05-2022
519;74;4;02-02-2023
520;65;4;07-03-2023
521;32;2;27-01-2022
522;17;2;30-05-2022
523;30;5;17-12-2022
524;34;4;10-02-2023
525;30;2;10-12-2022
526;43;5;24-11-2023
527;87;2;15-08-2023
528;84;2;18-04-2022
529;100;2;12-02-2022
530;76;2;25-08-2023
531;76;4;02-06-2022
532;72;1;19-07-2022
533;24;4;05-03-2022
534;12;5;05-01-2022
535;35;1;12-07-2022
536;14;4;22-10-2022
537;67;5;08-12-2023
538;17;2;25-11-2023
539;1;5;14-08-2022
540;40;5;21-08-2023
541;30;4;19-10-2022
542;99;3;24-09-2023
543;97;5;09-03-2023
544;54;1;06-02-2023
545;62;3;14-08-2023
546;83;4;19-06-2022
547;93;5;20-10-2023
548;80;2;06-01-2023
549;89;4;03-02-2022
550;82;3;19-10-2022
551;20;2;19-09-2022
552;51;1;09-03-2022
553;4;3;24-04-2023
554;91;3;24-10-2023
555;21;1;27-08-2022
556;26;1;23-05-2023
557;50;2;25-04-2023
558;54;3;06-06-2023
559;72;4;18-02-2022
560;42;3;15-01-2023
561;9;5;28-11-2023
562;73;5;21-08-2022
563;50;3;27-12-2022
564;39;3;04-08-2022
565;22;2;18-04-2023
566;68;4;02-02-2022
567;78;1;06-05-2023
568;3;4;26-08-2023
569;66;5;18-04-2023
570;61;2;25-12-2022
571;61;4;24-12-2022
572;10;5;23-11-2022
573;39;3;05-02-2023
574;21;3;05-03-2023
575;62;2;25-03-2022
576;82;4;29-05-2023
577;10;4;10-11-2023
578;22;2;20-05-2022
579;39;4;01-09-2023
580;75;4;09-07-2023
581;85;5;05-03-2023
582;63;3;15-06-2022
583;79;5;07-12-2022
584;36;1;17-06-2023
585;68;4;12-03-2022
586;59;5;20-03-2023
587;25;2;05-11-2022
588;58;1;07-04-2023
589;61;2;03-12-2023
590;54;4;16-06-2022
591;12;1;21-11-2023
592;16;1;16-02-2022
593;55;2;19-12-2022
594;72;4;31-01-2022
595;26;2;21-11-2023
596;82;2;26-03-2022
597;73;5;01-03-2022
598;8;5;23-08-2023
599;59;5;08-02-2022
600;49;5;07-05-2023
601;100;4;26-02-2023
602;23;3;30-06-2022
603;1;3;25-10-2023
604;97;4;25-12-2022
605;77;5;18-11-2023
606;86;2;26-02-2023
607;66;3;27-01-2023
608;49;2;25-04-2023
609;44;2;04-08-2022
610;98;4;07-03-2022
611;36;3;22-09-2022
612;42;5;21-03-2023
613;42;3;02-04-2022
614;40;2;04-08-2022
615;42;5;22-11-2023
616;63;1;10-10-2023
617;69;2;19-02-2022
618;95;5;15-02-2023
619;56;5;02-10-2023
620;67;5;31-01-2022
621;84;2;27-04-2022
622;59;4;03-02-2022
623;19;4;02-10-2023
624;97;4;24-03-2023
625;92;4;04-06-2023
626;1;4;15-09-2023
627;61;4;01-10-2022
628;1;3;24-05-2022
629;64;2;25-01-2023
630;38;2;10-08-2022
631;52;1;17-01-2022
632;22;1;11-08-2022
633;68;5;16-04-2023
634;41;4;16-11-2023
635;99;2;28-04-2022
636;5;2;05-10-2023
637;30;3;15-10-2023
638;48;1;19-01-2022
639;43;1;14-01-2023
640;20;3;07-07-2023
641;15;4;15-06-2023
642;43;3;31-12-2023
643;29;5;16-12-2023
644;39;4;09-10-2023
645;19;1;16-09-2023
646;60;1;30-03-2023
647;71;1;11-07-2023
648;11;3;20-07-2023
649;61;3;22-01-2023
650;64;2;28-03-2023
651;53;5;21-02-2022
652;17;4;08-12-2022
653;30;5;08-06-2023
654;46;5;03-07-2022
655;65;3;29-10-2023
656;97;5;22-12-2023
657;3;2;03-08-2023
658;75;4;13-12-2022
659;43;5;25-03-2022
660;91;3;06-06-2022
661;72;5;26-11-2022
662;62;5;25-09-2023
663;39;3;23-09-2023
664;93;2;30-06-2023
665;37;3;19-06-2022
666;21;5;29-07-2023
667;61;2;17-07-2022
668;53;3;28-02-2023
669;49;2;16-07-2023
670;66;1;30-12-2023
671;81;2;11-09-2023
672;89;5;01-02-2022
673;19;4;14-09-2023
674;71;3;28-06-2023
675;79;1;01-08-2023
676;36;3;31-03-2023
677;85;2;20-12-2022
678;54;1;10-07-2022
679;49;1;24-06-2022
680;80;5;02-04-2022
681;81;3;29-10-2022
682;30;2;17-06-2022
683;40;5;23-01-2022
684;75;4;12-01-2023
685;77;5;25-03-2022
686;80;4;14-02-2022
687;88;1;01-04-2023
688;67;4;15-03-2022
689;63;1;05-12-2023
690;27;3;15-09-2022
691;3;1;05-09-2023
692;96;4;04-12-2023
693;78;3;07-08-2022
694;1;5;19-06-2022
695;68;3;03-03-2022
696;52;4;17-07-2022
697;43;1;15-10-2023
698;80;5;12-08-2022
699;76;4;21-03-2022
700;44;5;22-04-2022
701;82;5;27-01-2022
702;76;4;08-12-2022
703;15;4;01-02-2023
704;28;4;18-07-2022
705;31;1;22-06-2022
706;38;4;29-03-2022
707;46;3;27-05-2023
708;40;5;22-01-2023
709;38;4;26-03-2022
710;21;1;03-08-2022
711;47;5;25-04-2022
712;2;1;24-08-2023
713;51;4;22-11-2022
714;13;3;21-11-2023
715;66;1;01-09-2023
716;13;2;13-11-2022
717;26;5;28-02-2023
718;85;5;01-05-2022
719;97;3;16-11-2023
720;26;2;11-01-2023
721;22;1;01-03-2023
722;15;1;12-04-2022
723;1;4;16-10-2023
724;20;2;13-02-2022
725;49;3;12-09-2023
726;45;5;23-06-2022
727;28;5;17-05-2023
728;49;1;25-11-2022
729;40;1;26-07-2022
730;30;1;14-04-2022
731;28;5;10-11-2023
732;57;1;28-08-2022
733;83;4;04-06-2022
734;28;5;18-07-2023
735;28;2;02-12-2023
736;89;5;22-03-2023
737;51;3;21-07-2023
738;6;1;23-03-2022
739;98;1;08-12-2022
740;32;4;08-10-2023
741;9;3;10-06-2023
742;27;3;06-06-2022
743;79;1;14-03-2022
744;56;3;26-12-2023
745;17;4;20-10-2023
746;33;2;27-07-2023
747;18;3;29-12-2023
748;56;2;09-07-2023
749;87;4;22-05-2023
750;25;1;27-11-2022
751;72;5;02-04-2023
752;3;4;01-08-2022
753;32;2;25-05-2023
754;50;2;30-03-2023
755;34;4;31-12-2023
756;32;1;24-07-2022
757;97;3;25-04-2023
758;76;2;20-02-2023
759;85;5;01-02-2023
760;85;3;01-02-2023
761;63;1;25-11-2022
762;69;5;13-05-2023
763;83;3;18-09-2023
764;67;4;21-12-2023
765;4;1;09-10-2022
766;57;1;14-12-2023
767;23;3;06-03-2023
768;1;3;19-03-2022
769;75;3;17-12-2023
770;65;5;02-03-2023
771;12;1;13-09-2023
772;25;2;09-06-2023
773;79;5;12-11-2023
774;52;4;12-10-2023
775;94;3;27-02-2023
776;38;3;30-06-2022
777;91;3;10-07-2023
778;5;5;03-07-2023
779;35;3;14-03-2022
780;25;1;20-11-2022
781;26;5;23-08-2023
782;36;2;09-10-2022
783;100;2;15-09-2022
784;39;1;10-01-2023
785;99;3;10-05-2022
786;69;4;11-11-2023
787;92;3;25-08-2023
788;45;2;03-05-2022
789;30;3;16-05-2023
790;19;1;31-08-2022
791;12;1;29-08-2022
792;70;2;29-07-2023
793;57;4;22-11-2022
794;50;2;23-08-2023
795;31;2;29-06-2022
796;26;2;10-11-2023
797;74;5;28-08-2022
798;83;2;27-05-2022
799;24;5;01-07-2022
800;21;3;28-11-2023
801;57;4;27-09-2023
802;35;4;21-12-2023
803;59;4;02-10-2023
804;41;4;20-12-2023
805;56;5;11-10-2022
806;58;5;17-09-2022
807;86;4;24-07-2022
808;43;4;04-05-2023
809;90;3;08-03-2023
810;49;2;06-03-2023
811;68;1;03-09-2022
812;3;1;20-07-2023
813;69;4;01-12-2023
814;30;5;10-08-2022
815;76;2;08-04-2023
816;6;3;28-10-2023
817;53;3;10-05-2022
818;76;3;12-02-2022
819;57;2;12-10-2023
820;10;5;25-06-2022
821;58;4;31-08-2022
822;35;4;29-10-2022
823;4;3;10-04-2022
824;88;4;24-12-2023
825;95;3;02-08-2023
826;77;1;06-07-2023
827;23;5;14-01-2023
828;38;4;13-11-2023
829;86;1;17-01-2022
830;23;4;26-11-2022
831;63;3;18-01-2023
832;76;4;20-09-2022
833;65;4;24-12-2023
834;45;5;14-02-2023
835;63;3;15-09-2022
836;12;3;09-04-2023
837;83;2;07-09-2022
838;11;2;25-09-2022
839;30;5;27-08-2023
840;35;2;26-07-2022
841;25;1;08-01-2023
842;61;5;18-11-2023
843;61;2;09-01-2023
844;1;5;18-03-2023
845;93;5;24-11-2023
846;29;5;03-12-2023
847;16;3;28-11-2022
848;1;1;17-01-2023
849;77;2;06-10-2022
850;10;3;01-08-2022
851;97;4;29-10-2022
852;69;4;28-11-2022
853;94;4;02-02-2023
854;84;2;28-04-2023
855;31;2;10-09-2022
856;58;3;18-04-2022
857;34;3;19-11-2023
858;77;5;16-07-2023
859;7;3;08-05-2023
860;41;2;04-05-2022
861;49;2;24-01-2022
862;70;1;06-10-2022
863;88;2;05-10-2022
864;82;5;30-09-2022
865;100;5;27-04-2022
866;56;2;31-08-2022
867;88;1;29-07-2023
868;9;2;08-12-2023
869;63;4;27-08-2023
870;48;2;24-10-2023
871;71;5;25-10-2022
872;4;5;28-12-2022
873;19;2;17-09-2022
874;88;1;25-12-2023
875;99;2;06-01-2023
876;27;3;14-06-2022
877;54;2;19-10-2023
878;87;1;04-10-2023
879;86;2;05-03-2023
880;17;3;14-10-2022
881;61;2;03-01-2022
882;79;5;17-04-2023
883;57;1;25-07-2023
884;68;2;14-01-2023
885;3;1;06-11-2022
886;24;1;28-07-2023
887;85;2;06-01-2023
888;14;2;10-01-2023
889;9;3;28-12-2023
890;12;4;24-07-2023
891;86;5;14-02-2022
892;10;4;23-03-2022
893;34;4;01-01-2023
894;35;3;12-08-2023
895;28;2;18-01-2022
896;65;3;11-11-2022
897;35;5;17-01-2023
898;61;4;24-02-2023
899;75;3;15-04-2022
900;80;4;05-10-2022
901;100;4;11-09-2022
902;47;5;31-10-2022
903;46;3;27-06-2022
904;71;1;13-06-2022
905;1;1;21-03-2023
906;27;2;21-10-2022
907;53;3;16-11-2022
908;15;3;17-04-2023
909;86;3;11-03-2022
910;21;1;02-04-2022
911;77;3;20-07-2023
912;1;1;22-04-2022
913;64;1;03-01-2022
914;17;1;10-05-2023
915;5;1;09-02-2022
916;87;1;09-04-2022
917;96;5;11-03-2023
918;57;5;18-09-2023
919;30;1;28-03-2022
920;18;5;19-07-2022
921;35;3;15-04-2022
922;51;2;18-07-2023
923;78;5;04-03-2022
924;33;3;12-11-2023
925;70;3;19-03-2023
926;5;3;08-06-2023
927;3;4;31-08-2022
928;83;4;25-10-2022
929;79;4;13-06-2023
930;6;3;08-05-2022
931;73;5;22-05-2023
932;94;3;22-04-2023
933;35;4;08-06-2022
934;40;1;28-08-2022
935;17;4;30-07-2023
936;81;4;09-07-2023
937;23;5;13-07-2023
938;56;5;06-01-2022
939;97;4;14-11-2022
940;97;4;28-04-2022
941;10;2;02-05-2023
942;12;4;17-08-2022
943;56;3;14-03-2022
944;20;4;20-07-2023
945;1;2;25-03-2023
946;11;4;16-06-2022
947;18;1;25-07-2023
948;62;3;02-08-2023
949;79;4;07-10-2023
950;71;5;28-12-2023
951;43;4;03-05-2023
952;6;1;08-02-2023
953;12;5;30-04-2022
954;66;3;08-10-2023
955;51;2;06-10-2023
956;79;1;16-01-2022
957;71;2;29-08-2022
958;17;4;22-08-2022
959;62;1;14-03-2023
960;71;2;14-08-2023
961;37;4;18-12-2023
962;2;5;30-10-2023
963;83;3;16-12-2022
964;49;4;22-04-2023
965;67;5;10-01-2022
966;60;2;09-10-2023
967;71;1;17-11-2022
968;89;5;12-11-2022
969;48;2;04-02-2022
970;89;1;12-03-2023
971;68;1;16-06-2022
972;61;4;27-02-2023
973;46;5;18-07-2023
974;53;2;20-01-2023
975;53;2;24-01-2022
976;63;3;03-03-2023
977;88;1;30-07-2022
978;29;1;06-05-2022
979;86;1;09-10-2023
980;40;5;02-02-2022
981;86;5;02-05-2023
982;87;2;05-12-2023
983;94;1;12-07-2022
984;93;2;25-10-2022
985;19;4;12-02-2022
986;20;4;12-07-2023
987;36;1;05-01-2022
988;20;5;07-03-2023
989;55;1;06-09-2022
990;73;3;27-10-2023
991;93;5;09-10-2023
992;10;3;10-12-2022
993;46;2;12-03-2023
994;18;5;09-02-2022
995;86;5;10-11-2023
996;88;1;03-06-2023
997;58;4;07-02-2023
998;12;2;17-10-2023
999;52;2;15-12-2022
1000;17;5;17-09-2022
1001;46;2;02-11-2022
1002;47;3;31-01-2022
1003;16;1;17-04-2022
1004;84;4;20-04-2023
1005;48;4;28-06-2022
1006;37;4;26-12-2022
1007;34;4;18-01-2023
1008;45;4;01-02-2023
1009;58;2;12-08-2022
1010;45;3;03-01-2022
1011;15;5;23-01-2023
1012;85;2;05-02-2023
1013;92;1;18-12-2023
1014;83;3;27-10-2022
1015;83;5;28-10-2022
1016;75;4;10-05-2023
1017;95;5;10-10-2022
1018;5;4;18-09-2023
1019;85;4;10-07-2022
1020;100;1;03-05-2023
1021;69;4;14-03-2023
1022;31;1;26-10-2023
1023;53;3;19-05-2023
1024;81;3;27-05-2022
1025;43;2;23-11-2022
1026;38;4;12-01-2022
1027;87;3;06-09-2023
1028;81;5;19-02-2022
1029;42;3;10-01-2022
1030;84;5;14-12-2022
1031;34;3;27-04-2022
1032;69;3;29-04-2022
1033;58;2;05-11-2022
1034;26;3;09-05-2023
1035;76;4;12-11-2023
1036;86;2;17-01-2023
1037;25;3;08-10-2023
1038;98;1;16-12-2022
1039;43;1;24-05-2022
1040;47;1;14-03-2022
1041;31;3;24-01-2023
1042;16;4;15-07-2023
1043;66;5;19-04-2022
1044;42;4;05-02-2023
1045;17;2;05-09-2023
1046;77;2;05-05-2023
1047;88;2;07-05-2022
1048;82;2;19-03-2023
1049;63;4;06-09-2023
1050;58;1;20-04-2023
1051;46;2;21-12-2022
1052;6;3;09-02-2022
1053;98;4;23-10-2022
1054;43;4;08-08-2022
1055;66;4;26-08-2022
1056;56;4;03-02-2022
1057;73;5;03-07-2023
1058;69;5;30-12-2022
1059;54;1;28-03-2022
1060;32;3;04-03-2023
1061;42;1;19-11-2023
1062;52;5;19-07-2022
1063;23;3;27-03-2022
1064;58;2;22-06-2023
1065;63;3;14-08-2022
1066;93;1;05-04-2023
1067;86;2;31-01-2023
1068;66;5;21-03-2023
1069;99;5;24-03-2023
1070;41;1;08-12-2022
1071;20;5;01-12-2023
1072;66;1;19-10-2022
1073;78;2;30-04-2022
1074;68;3;29-09-2022
1075;13;4;03-07-2023
1076;65;4;10-12-2022
1077;36;3;23-07-2023
1078;8;4;16-05-2022
1079;94;3;16-02-2023
1080;78;3;06-05-2023
1081;95;1;18-01-2023
1082;65;3;02-12-2023
1083;27;1;18-01-2023
1084;33;5;21-07-2023
1085;41;5;27-10-2023
1086;62;2;08-03-2023
1087;32;5;09-09-2023
1088;97;3;25-05-2023
1089;2;4;11-06-2022
1090;85;5;24-09-2023
1091;80;2;21-06-2022
1092;31;2;12-02-2022
1093;4;1;13-10-2022
1094;1;5;25-04-2022
1095;55;5;09-04-2022
1096;90;4;13-08-2022
1097;39;4;03-05-2022
1098;57;2;25-10-2023
1099;17;2;04-12-2022
1100;88;4;07-01-2022
1101;97;5;13-04-2023
1102;47;4;31-07-2023
1103;80;4;12-01-2022
1104;5;2;15-10-2022
1105;82;2;19-11-2022
1106;49;1;30-03-2023
1107;100;5;23-05-2023
1108;78;4;25-06-2022
1109;73;4;17-07-2022
1110;3;2;02-08-2022
1111;86;3;25-07-2022
1112;63;2;25-07-2022
1113;66;2;03-06-2022
1114;64;1;28-02-2022
1115;60;3;13-02-2022
1116;73;1;14-07-2023
1117;75;2;27-12-2023
1118;78;4;07-03-2022
1119;60;3;31-03-2022
1120;86;3;07-11-2022
1121;19;5;12-03-2023
1122;47;1;23-09-2022
1123;8;3;16-07-2022
1124;36;5;31-03-2023
1125;9;5;04-07-2023
1126;56;2;14-02-2023
1127;76;5;30-04-2022
1128;49;5;11-11-2023
1129;98;4;14-03-2023
1130;20;3;22-06-2022
1131;95;3;26-09-2023
1132;73;2;07-11-2022
1133;92;2;16-05-2023
1134;92;1;22-08-2023
1135;74;3;24-02-2023
1136;24;5;11-11-2023
1137;67;1;16-02-2022
1138;49;3;21-11-2022
1139;70;4;23-03-2023
1140;47;3;16-03-2023
1141;13;3;10-11-2022
1142;89;3;20-10-2022
1143;58;5;10-07-2023
1144;82;5;30-05-2023
1145;7;3;12-11-2023
1146;13;2;25-10-2023
1147;5;5;31-12-2022
1148;35;2;16-12-2023
1149;72;4;26-05-2023
1150;42;5;25-09-2022
1151;90;5;07-10-2023
1152;91;2;29-08-2023
1153;14;5;26-08-2023
1154;71;2;14-01-2023
1155;83;5;01-12-2022
1156;16;4;20-12-2023
1157;47;3;06-07-2023
1158;45;2;16-09-2022
1159;10;2;30-11-2023
1160;7;1;12-07-2023
1161;6;2;01-09-2022
1162;53;1;31-01-2022
1163;6;1;29-12-2022
1164;34;2;02-06-2022
1165;82;5;22-07-2023
1166;65;1;30-12-2023
1167;84;3;23-07-2022
1168;55;2;04-05-2022
1169;22;4;30-05-2022
1170;11;3;03-01-2022
1171;50;3;11-03-2023
1172;42;2;10-04-2022
1173;72;3;04-03-2023
1174;61;5;23-07-2023
1175;69;4;07-03-2022
1176;9;3;01-03-2022
1177;88;1;23-06-2022
1178;89;5;08-11-2023
1179;51;4;03-11-2023
1180;95;2;26-03-2023
1181;64;3;15-11-2022
1182;3;2;08-03-2023
1183;59;5;18-07-2023
1184;85;1;11-02-2022
1185;97;3;31-12-2022
1186;13;2;16-01-2023
1187;95;1;25-08-2022
1188;10;1;07-01-2022
1189;59;1;08-03-2023
1190;30;3;16-02-2022
1191;13;2;24-10-2023
1192;38;4;19-08-2022
1193;66;2;04-05-2023
1194;58;5;19-10-2023
1195;58;1;01-04-2023
1196;14;3;08-09-2022
1197;11;4;29-04-2023
1198;13;4;20-10-2023
1199;90;5;02-04-2022
1200;36;4;07-08-2022
1201;74;1;30-12-2022
1202;25;2;08-05-2022
1203;10;3;05-05-2022
1204;58;1;18-02-2022
1205;77;3;03-02-2023
1206;47;1;01-03-2023
1207;54;1;24-08-2022
1208;78;5;12-12-2023
1209;42;5;29-12-2022
1210;14;4;09-06-2023
1211;8;3;22-07-2023
1212;77;1;15-07-2022
1213;32;3;04-10-2022
1214;75;4;17-08-2022
1215;46;1;03-09-2023
1216;77;4;08-09-2023
1217;50;4;25-08-2023
1218;90;1;21-06-2022
1219;100;3;25-07-2023
1220;63;2;06-08-2022
1221;21;4;19-08-2023
1222;43;4;10-04-2023
1223;86;4;17-11-2023
1224;95;3;21-11-2022
1225;31;3;21-03-2022
1226;51;5;15-02-2023
1227;34;5;11-05-2022
1228;75;1;31-05-2023
1229;78;1;04-05-2022
1230;94;3;22-12-2023
1231;75;2;31-01-2022
1232;4;3;26-04-2022
1233;28;1;20-09-2022
1234;10;2;17-01-2022
1235;94;4;24-05-2022
1236;82;2;27-03-2022
1237;81;2;23-02-2022
1238;59;1;03-12-2023
1239;25;4;01-04-2023
1240;9;4;07-01-2022
1241;56;2;24-06-2022
1242;14;1;11-05-2023
1243;74;5;01-02-2023
1244;16;3;18-04-2022
1245;26;2;12-02-2022
1246;11;3;04-07-2022
1247;99;2;21-01-2022
1248;91;4;07-05-2022
1249;35;5;27-11-2022
1250;86;1;05-05-2022
1251;94;3;01-10-2022
1252;88;3;16-01-2023
1253;74;1;03-04-2022
1254;74;1;10-12-2022
1255;66;5;23-10-2022
1256;63;3;18-09-2022
1257;47;1;30-07-2023
1258;71;1;01-06-2023
1259;12;4;27-10-2023
1260;11;2;20-09-2023
1261;9;4;10-12-2022
1262;77;2;11-11-2023
1263;29;5;01-10-2023
1264;80;3;04-02-2023
1265;29;1;27-05-2022
1266;77;2;04-04-2022
1267;5;5;01-06-2022
1268;2;4;01-12-2022
1269;7;5;30-12-2022
1270;52;2;30-06-2022
1271;83;4;18-05-2022
1272;73;1;03-09-2023
1273;25;4;15-05-2022
1274;82;4;09-01-2023
1275;37;4;17-09-2022
1276;32;2;04-02-2022
1277;28;2;26-01-2023
1278;52;5;02-03-2023
1279;96;1;08-02-2022
1280;9;4;18-04-2023
1281;5;4;03-02-2022
1282;57;2;13-08-2022
1283;75;4;06-07-2022
1284;13;5;23-12-2022
1285;68;1;27-04-2022
1286;56;5;07-06-2023
1287;59;5;08-09-2023
1288;97;3;22-05-2023
1289;72;1;22-05-2022
1290;1;3;25-03-2022
1291;52;1;29-03-2022
1292;75;1;02-09-2022
1293;47;5;20-06-2022
1294;26;2;23-11-2022
1295;94;4;23-10-2023
1296;26;4;11-06-2023
1297;74;2;08-11-2023
1298;42;4;12-07-2023
1299;89;1;28-01-2023
1300;37;3;05-06-2022
1301;52;1;02-11-2022
1302;25;2;02-04-2023
1303;34;5;26-10-2023
1304;25;3;28-11-2022
1305;100;1;18-09-2023
1306;3;5;23-02-2023
1307;18;1;26-11-2023
1308;64;4;09-04-2023
1309;17;4;12-01-2022
1310;36;4;12-06-2022
1311;6;2;24-05-2023
1312;26;5;14-11-2023
1313;2;5;19-09-2022
1314;57;4;08-11-2023
1315;81;5;17-04-2023
1316;78;1;24-01-2022
1317;71;1;22-02-2022
1318;9;2;02-10-2023
1319;38;5;31-07-2022
1320;26;5;25-06-2022
1321;96;1;14-10-2022
1322;79;3;01-01-2023
1323;99;4;29-01-2022
1324;30;1;05-08-2023
1325;56;5;07-04-2022
1326;74;4;06-04-2022
1327;60;5;19-01-2022
1328;81;3;29-10-2022
1329;49;2;05-08-2022
1330;45;2;14-10-2023
1331;81;4;30-06-2022
1332;39;5;02-01-2023
1333;47;2;26-01-2023
1334;56;2;30-10-2023
1335;16;4;05-05-2023
1336;25;3;09-01-2023
1337;56;3;25-07-2023
1338;4;3;04-11-2023
1339;19;4;26-10-2022
1340;7;3;17-10-2023
1341;18;4;12-05-2023
1342;99;3;08-02-2022
1343;96;4;04-02-2023
1344;32;4;14-04-2023
1345;44;4;14-04-2022
1346;85;1;29-10-2022
1347;16;5;19-12-2023
1348;55;4;23-11-2022
1349;28;1;11-10-2023
1350;56;4;28-01-2022
1351;64;1;10-11-2023
1352;32;3;03-10-2023
1353;8;5;20-04-2023
1354;80;4;15-12-2023
1355;97;2;21-11-2022
1356;1;3;08-12-2023
1357;11;4;03-10-2022
1358;87;2;22-07-2022
1359;81;2;08-03-2023
1360;65;4;25-01-2022
1361;93;2;30-03-2022
1362;82;2;14-09-2023
1363;12;5;11-08-2022
1364;93;1;13-02-2023
1365;64;2;22-09-2022
1366;19;2;24-04-2023
1367;57;1;15-07-2023
1368;42;3;04-11-2022
1369;87;2;14-01-2022
1370;39;1;18-01-2022
1371;42;1;10-01-2022
1372;23;3;20-02-2022
1373;67;4;11-06-2022
1374;38;3;06-10-2023
1375;20;2;08-12-2023
1376;90;3;03-01-2022
1377;61;2;08-06-2023
1378;98;5;17-04-2022
1379;76;5;09-12-2022
1380;6;2;20-08-2023
1381;63;2;21-05-2023
1382;33;4;30-09-2022
1383;78;3;21-04-2022
1384;94;3;08-12-2023
1385;55;5;29-10-2023
1386;38;3;17-08-2022
1387;36;1;08-10-2022
1388;1;2;21-05-2022
1389;22;3;08-09-2023
1390;34;3;10-04-2023
1391;100;3;06-05-2022
1392;23;1;05-07-2022
1393;5;2;26-05-2023
1394;97;4;03-12-2023
1395;8;5;15-02-2023
1396;50;4;11-09-2022
1397;21;4;10-08-2022
1398;36;3;19-04-2023
1399;88;5;14-07-2022
1400;40;5;09-02-2022
1401;63;1;20-04-2022
1402;44;3;20-08-2022
1403;1;1;07-09-2022
1404;83;3;22-06-2023
1405;85;4;26-05-2022
1406;43;5;18-03-2022
1407;73;1;16-01-2023
1408;7;2;28-09-2023
1409;100;2;26-07-2022
1410;60;2;12-10-2023
1411;99;2;27-06-2023
1412;66;3;25-08-2023
1413;50;2;22-06-2022
1414;77;5;06-03-2022
1415;56;4;05-07-2023
1416;13;3;15-10-2023
1417;9;3;04-05-2022
1418;37;5;11-06-2023
1419;87;2;22-09-2023
1420;79;4;30-09-2022
1421;4;1;25-06-2023
1422;35;2;02-12-2023
1423;33;3;13-10-2022
1424;26;2;19-11-2023
1425;59;1;13-12-2023
1426;21;1;30-06-2023
1427;18;1;26-07-2023
1428;2;1;13-12-2022
1429;78;2;09-11-2022
1430;15;2;27-08-2023
1431;14;2;09-05-2023
1432;54;4;02-10-2023
1433;92;3;03-12-2022
1434;48;5;04-03-2023
1435;4;4;09-09-2023
1436;56;5;13-01-2023
1437;19;4;13-11-2023
1438;30;5;22-04-2023
1439;1;1;23-07-2023
1440;10;1;23-01-2022
1441;25;1;19-04-2023
1442;100;2;03-08-2022
1443;48;5;19-12-2023
1444;75;3;28-02-2022
1445;50;4;31-12-2022
1446;34;5;19-04-2023
1447;21;5;10-11-2023
1448;27;4;12-11-2022
1449;57;2;14-03-2023
1450;22;5;16-05-2023
1451;4;4;29-04-2023
1452;47;2;02-11-2023
1453;96;4;24-04-2022
1454;21;4;17-03-2022
1455;16;1;18-11-2022
1456;80;1;14-03-2022
1457;88;4;27-06-2023
1458;32;1;30-09-2022
1459;77;5;27-05-2023
1460;7;5;11-09-2023
1461;14;2;02-05-2023
1462;30;5;16-08-2023
1463;83;2;14-04-2023
1464;100;3;10-07-2023
1465;30;4;12-07-2022
1466;78;5;01-01-2023
1467;16;1;02-01-2022
1468;35;4;05-12-2023
1469;25;2;20-01-2023
1470;85;2;18-09-2022
1471;30;5;18-10-2022
1472;50;3;26-08-2022
1473;21;3;26-09-2023
1474;67;2;05-02-2022
1475;52;2;02-12-2023
1476;58;2;09-07-2023
1477;92;3;06-04-2023
1478;7;2;03-05-2023
1479;94;4;15-08-2023
1480;64;2;22-04-2023
1481;30;4;29-09-2023
1482;37;5;16-03-2022
1483;59;4;01-01-2022
1484;70;4;11-08-2023
1485;78;4;09-01-2022
1486;81;1;25-01-2022
1487;91;3;12-08-2023
1488;97;1;19-03-2023
1489;38;2;24-02-2022
1490;20;3;18-03-2023
1491;8;3;01-02-2022
1492;85;5;31-08-2023
1493;91;1;23-11-2023
1494;97;2;02-04-2023
1495;74;3;10-09-2023
1496;32;5;25-09-2022
1497;33;5;07-09-2023
1498;83;5;12-01-2022
1499;26;5;29-01-2022
1500;59;3;01-09-2022
1501;12;4;15-03-2023
1502;36;5;28-05-2023
1503;10;3;19-05-2022
1504;43;1;01-08-2023
1505;69;3;07-11-2022
1506;71;3;16-03-2023
1507;3;1;25-12-2022
1508;43;1;11-03-2023
1509;40;2;03-02-2023
1510;65;1;14-02-2022
1511;1;2;22-11-2023
1512;81;3;04-01-2023
1513;22;4;30-03-2022
1514;46;4;14-02-2023
1515;68;4;03-10-2023
1516;24;3;07-04-2023
1517;24;3;02-06-2022
1518;100;2;26-12-2022
1519;12;4;04-03-2023
1520;2;3;07-02-2022
1521;88;5;06-11-2022
1522;81;3;12-10-2023
1523;4;5;27-04-2022
1524;52;4;13-10-2022
1525;34;2;29-06-2023
1526;21;1;21-01-2023
1527;36;3;15-06-2022
1528;61;5;18-07-2022
1529;2;1;05-07-2022
1530;32;2;13-08-2023
1531;89;4;29-09-2022
1532;100;1;03-06-2023
1533;30;2;17-05-2022
1534;43;4;01-06-2022
1535;93;2;01-12-2023
1536;72;4;29-06-2022
1537;63;5;16-08-2022
1538;36;3;19-05-2022
1539;51;2;03-12-2022
1540;93;1;19-11-2022
1541;15;2;01-07-2023
1542;90;3;24-12-2023
1543;83;4;22-11-2022
1544;51;2;10-11-2022
1545;85;4;28-09-2022
1546;50;3;12-08-2023
1547;77;1;04-01-2023
1548;21;5;28-04-2023
1549;92;5;05-03-2022
1550;5;5;29-11-2023
1551;78;4;30-06-2023
1552;66;2;16-06-2023
1553;96;1;01-04-2023
1554;68;3;29-08-2023
1555;23;1;13-01-2022
1556;9;1;11-11-2023
1557;60;5;01-01-2023
1558;87;3;06-05-2022
1559;45;1;09-02-2022
1560;80;3;04-03-2022
1561;60;5;27-06-2022
1562;14;1;07-10-2023
1563;52;5;23-11-2022
1564;70;3;25-03-2023
1565;15;3;12-07-2023
1566;96;1;11-04-2022
1567;93;2;17-05-2023
1568;66;2;01-09-2023
1569;52;5;01-09-2023
1570;66;1;16-07-2023
1571;37;4;20-02-2022
1572;85;3;08-04-2023
1573;7;3;11-06-2022
1574;46;3;11-07-2023
1575;30;2;10-01-2022
1576;55;2;28-01-2023
1577;28;2;07-11-2022
1578;49;4;07-02-2023
1579;47;3;07-11-2023
1580;10;4;15-08-2022
1581;86;3;11-12-2023
1582;95;5;04-04-2022
1583;83;2;28-05-2023
1584;10;5;16-05-2022
1585;72;2;05-01-2022
1586;100;1;26-11-2023
1587;78;4;23-10-2023
1588;20;3;14-04-2022
1589;81;3;15-06-2022
1590;69;2;28-07-2022
1591;7;3;07-08-2022
1592;81;4;12-06-2022
1593;57;1;08-08-2022
1594;1;4;09-03-2022
1595;95;1;09-04-2022
1596;81;4;30-06-2022
1597;100;3;28-04-2022
1598;7;3;14-09-2022
1599;24;4;29-12-2022
1600;68;2;28-07-2023
1601;75;4;10-07-2023
1602;37;1;23-01-2022
1603;25;4;11-09-2023
1604;14;1;20-11-2023
1605;67;3;23-03-2023
1606;96;2;03-02-2022
1607;64;2;27-04-2022
1608;38;1;29-09-2022
1609;92;4;06-01-2023
1610;44;2;25-03-2023
1611;60;1;04-10-2023
1612;98;1;07-08-2023
1613;44;3;17-02-2023
1614;45;4;07-09-2023
1615;68;3;17-08-2023
1616;89;3;24-03-2023
1617;37;4;04-06-2023
1618;17;1;25-01-2023
1619;74;5;03-11-2022
1620;52;1;16-10-2023
1621;3;5;22-02-2023
1622;99;5;26-02-2023
1623;97;4;17-01-2022
1624;18;1;08-07-2023
1625;43;2;23-11-2023
1626;71;4;19-01-2023
1627;59;5;25-02-2022
1628;36;2;29-08-2022
1629;7;2;30-09-2022
1630;84;2;04-11-2023
1631;59;5;23-01-2023
1632;25;3;04-10-2023
1633;42;5;06-01-2023
1634;21;5;14-01-2023
1635;99;1;03-10-2023
1636;84;5;14-03-2023
1637;95;2;24-01-2023
1638;26;3;23-12-2022
1639;11;2;25-03-2023
1640;98;3;09-08-2022
1641;21;2;19-09-2023
1642;28;5;29-01-2022
1643;62;2;14-05-2022
1644;56;3;30-01-2022
1645;30;4;12-08-2023
1646;85;3;27-02-2022
1647;91;5;03-07-2023
1648;19;2;09-03-2023
1649;73;2;13-08-2023
1650;79;2;02-02-2022
1651;28;1;01-02-2022
1652;58;2;18-10-2022
1653;50;1;31-12-2023
1654;21;4;07-04-2022
1655;16;5;01-06-2022
1656;70;1;11-03-2022
1657;42;2;24-08-2023
1658;69;5;19-06-2023
1659;53;3;03-06-2022
1660;13;4;13-04-2023
1661;59;1;24-08-2022
1662;15;5;10-01-2022
1663;81;2;22-11-2023
1664;9;1;17-02-2022
1665;78;5;30-04-2023
1666;67;5;11-01-2023
1667;44;1;19-02-2023
1668;82;1;18-02-2022
1669;93;4;17-06-2022
1670;36;5;08-07-2023
1671;19;1;23-01-2022
1672;83;2;25-09-2023
1673;60;1;24-03-2023
1674;95;5;31-12-2023
1675;72;4;08-06-2023
1676;70;1;12-09-2023
1677;100;4;07-02-2022
1678;36;4;27-06-2023
1679;8;2;25-02-2022
1680;33;4;19-01-2022
1681;48;2;04-04-2023
1682;47;4;26-08-2022
1683;81;4;29-10-2022
1684;55;4;13-04-2022
1685;5;1;03-12-2022
1686;77;5;01-01-2023
1687;36;2;14-10-2022
1688;55;5;29-08-2022
1689;85;2;18-09-2023
1690;64;1;11-08-2022
1691;91;3;07-07-2023
1692;54;5;13-12-2022
1693;27;3;14-05-2022
1694;57;1;12-06-2022
1695;49;4;25-12-2022
1696;59;4;13-04-2023
1697;79;1;11-12-2023
1698;48;1;09-01-2023
1699;44;5;09-07-2023
1700;19;4;11-11-2022
1701;73;1;21-03-2023
1702;12;3;10-01-2023
1703;58;4;02-07-2022
1704;67;1;27-10-2023
1705;61;3;03-03-2023
1706;81;3;27-06-2023
1707;30;2;29-07-2023
1708;68;1;05-06-2023
1709;29;1;29-01-2022
1710;46;3;18-11-2023
1711;38;4;12-11-2023
1712;50;5;12-04-2023
1713;71;2;27-06-2023
1714;34;4;19-05-2022
1715;3;1;17-01-2022
1716;80;4;28-11-2023
1717;61;4;03-05-2023
1718;38;5;15-06-2022
1719;86;2;24-02-2022
1720;98;5;04-04-2022
1721;72;4;19-06-2022
1722;54;3;02-05-2022
1723;63;5;08-01-2023
1724;56;5;19-05-2023
1725;78;4;06-07-2022
1726;57;1;02-02-2022
1727;50;5;10-08-2022
1728;49;1;21-08-2023
1729;9;3;21-02-2023
1730;8;1;13-07-2023
1731;30;4;09-01-2023
1732;15;3;20-07-2022
1733;41;4;09-02-2022
1734;98;2;30-05-2022
1735;97;4;20-06-2022
1736;15;2;09-11-2023
1737;40;2;27-05-2023
1738;74;1;03-02-2022
1739;12;3;07-11-2023
1740;49;3;20-12-2023
1741;77;1;13-09-2023
1742;97;3;21-05-2022
1743;25;3;10-11-2023
1744;9;4;21-10-2023
1745;38;3;15-11-2023
1746;19;4;21-01-2022
1747;24;4;14-08-2022
1748;82;1;08-11-2023
1749;18;3;04-04-2023
1750;47;5;26-07-2022
1751;16;1;26-05-2022
1752;6;3;24-07-2023
1753;49;4;08-07-2022
1754;2;5;17-03-2022
1755;75;4;09-02-2022
1756;94;5;27-04-2023
1757;11;3;01-10-2023
1758;75;3;06-11-2022
1759;5;1;10-12-2022
1760;85;4;01-10-2022
1761;61;3;28-06-2023
1762;40;2;27-03-2023
1763;36;1;03-07-2022
1764;38;1;16-07-2023
1765;21;2;02-12-2022
1766;30;2;12-12-2023
1767;72;4;24-06-2023
1768;19;4;22-10-2022
1769;72;5;24-06-2023
1770;4;2;10-07-2023
1771;72;1;20-04-2022
1772;60;3;30-09-2023
1773;79;5;23-08-2023
1774;70;2;15-11-2022
1775;14;2;18-02-2022
1776;87;5;11-09-2022
1777;4;1;16-09-2023
1778;54;2;07-12-2023
1779;70;2;26-05-2023
1780;29;3;18-08-2023
1781;68;4;15-09-2022
1782;74;3;11-08-2023
1783;78;5;25-09-2023
1784;20;3;21-05-2023
1785;18;5;19-02-2023
1786;86;4;16-10-2022
1787;79;3;12-02-2023
1788;55;4;15-03-2023
1789;19;1;01-04-2023
1790;44;2;07-10-2023
1791;49;1;29-10-2023
1792;33;5;04-03-2023
1793;17;3;07-08-2022
1794;6;3;12-04-2023
1795;68;3;08-09-2022
1796;11;2;10-11-2023
1797;61;3;23-07-2023
1798;18;3;19-10-2023
1799;50;1;22-11-2023
1800;24;5;08-08-2023
1801;27;2;04-06-2022
1802;45;5;23-02-2023
1803;39;4;01-02-2023
1804;9;5;06-10-2023
1805;79;3;13-10-2023
1806;41;3;01-07-2023
1807;29;3;24-07-2022
1808;29;3;15-06-2022
1809;66;4;11-06-2023
1810;62;3;16-12-2022
1811;89;3;28-04-2023
1812;10;4;25-04-2022
1813;16;2;18-12-2023
1814;100;2;17-09-2023
1815;27;5;24-06-2022
1816;83;2;26-09-2023
1817;5;2;27-02-2022
1818;9;3;24-11-2022
1819;29;4;17-12-2022
1820;92;1;10-11-2023
1821;77;5;29-06-2023
1822;91;4;02-05-2023
1823;57;1;13-01-2023
1824;99;4;29-06-2023
1825;59;1;28-03-2023
1826;46;2;18-10-2023
1827;20;3;15-09-2022
1828;56;3;29-05-2022
1829;21;3;03-12-2023
1830;67;1;21-04-2022
1831;98;3;25-03-2023
1832;55;2;05-08-2022
1833;61;5;26-08-2023
1834;94;3;17-07-2022
1835;40;1;26-05-2023
1836;5;4;21-04-2022
1837;15;2;15-05-2023
1838;18;3;11-02-2022
1839;79;4;11-01-2023
1840;96;2;17-05-2022
1841;100;5;27-04-2023
1842;78;1;18-10-2023
1843;100;3;04-05-2023
1844;99;5;12-08-2023
1845;26;5;05-01-2023
1846;53;4;13-11-2022
1847;40;4;25-01-2022
1848;27;1;28-07-2022
1849;70;4;14-04-2022
1850;67;3;06-04-2023
1851;24;4;15-05-2022
1852;37;2;08-10-2023
1853;25;1;14-02-2023
1854;4;5;30-12-2023
1855;8;4;21-01-2022
1856;32;4;20-01-2023
1857;40;2;24-05-2022
1858;19;2;12-09-2023
1859;87;2;05-08-2023
1860;60;1;24-11-2023
1861;49;5;04-12-2023
1862;17;1;25-05-2023
1863;65;2;28-03-2023
1864;53;1;13-01-2023
1865;13;1;16-04-2023
1866;11;2;22-12-2022
1867;90;2;27-12-2023
1868;81;2;09-05-2022
1869;44;2;26-07-2022
1870;36;1;05-02-2023
1871;38;5;20-02-2022
1872;30;3;16-02-2022
1873;79;1;18-02-2023
1874;45;5;06-06-2022
1875;60;4;26-04-2023
1876;11;4;29-04-2022
1877;23;2;22-04-2022
1878;89;5;29-04-2023
1879;38;1;07-02-2023
1880;23;3;05-05-2023
1881;52;5;19-09-2022
1882;97;4;04-03-2023
1883;58;1;15-02-2022
1884;45;2;13-04-2022
1885;70;1;08-01-2022
1886;79;1;27-02-2023
1887;56;2;22-04-2023
1888;87;5;19-03-2023
1889;86;5;07-06-2022
1890;2;2;31-12-2022
1891;99;4;21-01-2023
1892;68;5;10-03-2023
1893;85;3;30-06-2022
1894;8;5;04-12-2023
1895;54;1;07-04-2023
1896;5;5;21-01-2023
1897;6;4;19-06-2022
1898;29;2;15-03-2023
1899;94;1;29-03-2023
1900;14;2;15-02-2023
1901;68;3;07-04-2023
1902;84;3;01-04-2022
1903;13;4;12-08-2022
1904;24;4;02-06-2023
1905;54;4;01-06-2022
1906;53;4;14-06-2023
1907;72;2;24-03-2022
1908;88;4;13-12-2022
1909;1;5;23-04-2023
1910;19;5;04-03-2022
1911;29;1;17-09-2023
1912;84;4;03-07-2023
1913;5;1;08-04-2023
1914;70;1;09-10-2022
1915;28;4;05-08-2023
1916;43;3;26-09-2022
1917;97;5;19-02-2022
1918;76;1;19-07-2023
1919;44;1;31-03-2023
1920;80;2;16-10-2023
1921;89;4;24-01-2022
1922;19;1;07-06-2022
1923;72;2;04-03-2023
1924;78;3;17-06-2023
1925;68;1;17-12-2022
1926;74;2;27-09-2023
1927;31;5;26-12-2022
1928;50;3;02-11-2023
1929;63;1;15-01-2023
1930;67;5;11-09-2023
1931;14;5;01-09-2022
1932;90;3;29-04-2023
1933;17;2;04-07-2023
1934;1;2;13-09-2023
1935;94;3;30-03-2022
1936;40;4;12-03-2023
1937;32;2;06-05-2022
1938;14;1;10-01-2023
1939;72;1;30-03-2023
1940;70;5;30-08-2023
1941;95;2;26-02-2023
1942;48;3;15-08-2022
1943;25;3;06-06-2023
1944;97;1;08-02-2023
1945;45;5;17-03-2023
1946;54;5;29-09-2022
1947;14;2;14-11-2023
1948;87;5;29-04-2023
1949;59;5;09-09-2023
1950;15;4;17-09-2022
1951;58;5;02-07-2023
1952;87;5;21-03-2023
1953;85;5;27-07-2023
1954;23;1;12-05-2023
1955;13;3;27-09-2022
1956;54;1;20-07-2023
1957;58;1;13-05-2022
1958;60;5;25-08-2022
1959;91;2;12-05-2022
1960;8;2;25-06-2023
1961;67;2;12-11-2022
1962;38;3;06-09-2023
1963;16;3;20-09-2022
1964;10;2;21-06-2023
1965;62;3;02-05-2023
1966;96;5;12-10-2023
1967;59;1;07-04-2023
1968;97;1;29-11-2022
1969;36;4;29-01-2023
1970;48;5;05-05-2023
1971;52;3;31-01-2022
1972;6;1;24-08-2022
1973;59;3;17-08-2023
1974;66;2;08-08-2023
1975;58;4;03-07-2023
1976;40;1;14-06-2023
1977;48;3;26-10-2022
1978;95;2;13-10-2022
1979;86;5;15-02-2022
1980;83;1;05-02-2023
1981;93;4;11-06-2023
1982;77;3;21-08-2022
1983;1;5;09-12-2022
1984;18;4;27-03-2022
1985;98;3;14-02-2023
1986;62;3;01-05-2023
1987;80;4;10-07-2023
1988;69;4;18-07-2023
1989;40;2;05-04-2022
1990;37;3;01-01-2022
1991;70;2;20-04-2023
1992;81;4;28-11-2022
1993;69;5;17-10-2023
1994;51;1;20-08-2022
1995;30;4;30-01-2023
1996;3;2;21-01-2023
1997;85;1;15-05-2022
1998;42;1;06-08-2023
1999;68;4;08-11-2022
2000;29;5;02-08-2023
2001;59;1;02-07-2023
2002;45;1;18-06-2023
2003;57;4;07-12-2023
2004;96;2;24-10-2022
2005;61;3;12-11-2022
2006;11;3;02-05-2022
2007;34;5;29-04-2022
2008;83;3;06-05-2023
2009;72;4;29-03-2023
2010;22;5;17-11-2023
2011;44;5;01-11-2022
2012;32;2;01-07-2022
2013;78;5;29-03-2023
2014;44;2;24-10-2023
2015;74;4;10-07-2022
2016;23;4;04-10-2023
2017;47;5;07-12-2023
2018;29;4;20-06-2022
2019;25;4;04-06-2022
2020;31;2;11-01-2022
2021;26;3;06-07-2023
2022;38;2;06-03-2022
2023;74;5;25-11-2022
2024;66;3;24-06-2023
2025;99;1;19-02-2023
2026;91;3;22-06-2022
2027;59;2;30-06-2022
2028;51;1;07-03-2022
2029;4;2;10-07-2023
2030;25;4;14-11-2023
2031;67;4;16-10-2023
2032;96;5;07-10-2023
2033;73;3;16-06-2023
2034;55;4;27-07-2022
2035;35;5;25-03-2022
2036;80;1;20-10-2022
2037;4;2;29-05-2023
2038;84;5;16-04-2023
2039;63;4;19-01-2023
2040;67;5;31-08-2022
2041;97;1;20-09-2022
2042;61;4;20-01-2022
2043;90;4;22-11-2023
2044;80;3;02-12-2023
2045;45;5;26-05-2023
2046;61;5;15-04-2022
2047;22;3;18-06-2023
2048;4;5;02-09-2022
2049;58;5;18-09-2022
2050;41;5;02-06-2023
2051;67;4;29-07-2023
2052;12;3;16-04-2023
2053;39;5;09-04-2023
2054;95;1;12-03-2023
2055;70;2;30-05-2022
2056;10;5;07-03-2022
2057;53;1;18-07-2022
2058;76;1;02-06-2022
2059;81;4;24-05-2023
2060;56;5;20-04-2022
2061;23;2;11-08-2022
2062;21;4;01-09-2023
2063;11;4;10-05-2023
2064;90;1;26-02-2022
2065;28;5;09-05-2022
2066;62;2;03-04-2022
2067;94;4;15-11-2023
2068;96;4;17-02-2022
2069;82;3;16-09-2023
2070;75;3;13-07-2022
2071;67;5;13-11-2022
2072;91;3;28-02-2023
2073;85;5;27-03-2023
2074;49;5;03-11-2023
2075;64;5;27-11-2023
2076;48;3;13-01-2022
2077;65;4;25-06-2023
2078;96;4;12-02-2022
2079;3;5;21-11-2023
2080;47;4;25-12-2022
2081;21;4;18-12-2022
2082;87;1;26-11-2023
2083;93;4;15-02-2023
2084;79;4;23-05-2022
2085;82;2;02-01-2022
2086;45;3;29-08-2022
2087;82;5;16-06-2022
2088;66;2;05-04-2022
2089;80;5;27-08-2022
2090;97;1;14-06-2023
2091;58;4;05-09-2022
2092;19;3;28-06-2022
2093;68;3;02-12-2023
2094;3;2;01-07-2023
2095;7;1;17-03-2022
2096;42;5;02-11-2022
2097;21;1;16-03-2022
2098;3;2;17-11-2022
2099;87;3;11-01-2022
2100;16;1;22-05-2022
2101;50;1;04-11-2022
2102;80;3;16-07-2023
2103;62;4;27-10-2023
2104;7;2;16-04-2023
2105;83;4;06-06-2023
2106;51;1;19-08-2022
2107;67;4;30-07-2022
2108;61;4;31-01-2023
2109;49;2;21-09-2022
2110;97;2;20-10-2022
2111;75;2;19-07-2023
2112;1;5;04-05-2022
2113;30;5;05-05-2023
2114;26;2;19-09-2023
2115;92;1;23-05-2022
2116;13;4;15-04-2022
2117;70;3;24-01-2022
2118;2;2;06-10-2022
2119;99;1;27-10-2022
2120;73;1;29-03-2022
2121;13;2;16-10-2023
2122;5;2;04-07-2022
2123;86;2;15-12-2023
2124;71;3;03-11-2023
2125;83;3;10-03-2023
2126;94;4;19-08-2023
2127;6;4;31-01-2022
2128;26;4;08-11-2022
2129;76;2;06-12-2022
2130;80;2;07-12-2023
2131;21;3;27-09-2023
2132;39;1;15-06-2022
2133;45;2;26-05-2023
2134;19;5;14-12-2023
2135;43;3;17-01-2022
2136;84;5;07-02-2022
2137;12;3;17-03-2023
2138;32;1;16-11-2023
2139;12;4;18-03-2023
2140;57;2;27-04-2022
2141;15;5;01-12-2023
2142;8;5;24-05-2023
2143;42;5;05-03-2023
2144;5;5;03-12-2022
2145;62;3;16-01-2022
2146;83;2;20-09-2023
2147;61;5;08-08-2022
2148;9;4;01-02-2023
2149;10;3;06-11-2022
2150;42;5;28-05-2023
2151;50;4;03-08-2022
2152;1;3;26-10-2023
2153;56;4;22-05-2022
2154;76;3;09-09-2022
2155;96;5;03-08-2022
2156;9;5;01-11-2022
2157;91;3;28-12-2023
2158;43;4;16-09-2022
2159;98;3;15-11-2022
2160;87;2;08-01-2022
2161;29;3;09-03-2022
2162;23;4;30-03-2022
2163;48;4;05-07-2023
2164;9;2;03-11-2022
2165;55;1;06-09-2023
2166;58;1;19-12-2023
2167;66;5;09-07-2023
2168;31;4;20-01-2022
2169;84;2;03-10-2022
2170;90;2;03-01-2023
2171;65;5;31-12-2023
2172;40;3;23-11-2023
2173;66;4;11-01-2023
2174;21;2;27-12-2023
2175;15;2;16-03-2022
2176;92;1;14-09-2023
2177;75;2;17-07-2022
2178;77;5;03-08-2023
2179;6;5;17-11-2023
2180;85;3;17-03-2023
2181;34;5;13-01-2023
2182;68;3;06-09-2022
2183;8;5;24-12-2023
2184;1;5;17-04-2022
2185;1;3;11-05-2022
2186;50;1;20-09-2022
2187;39;2;12-06-2023
2188;87;4;24-02-2022
2189;6;3;14-09-2022
2190;26;2;24-03-2022
2191;100;4;15-02-2023
2192;28;4;30-01-2022
2193;21;4;21-10-2022
2194;34;3;03-05-2023
2195;27;4;08-11-2023
2196;20;5;09-02-2023
2197;95;4;31-03-2022
2198;63;5;19-06-2023
2199;5;1;03-08-2023
2200;98;3;06-05-2022
2201;21;5;28-12-2023
2202;90;3;14-04-2023
2203;56;3;30-01-2023
2204;6;2;04-10-2023
2205;98;5;19-06-2022
2206;32;5;15-04-2023
2207;100;4;24-12-2023
2208;16;3;07-07-2023
2209;38;3;15-08-2023
2210;81;4;27-09-2023
2211;9;3;06-03-2023
2212;84;4;28-11-2023
2213;70;3;12-01-2022
2214;90;2;04-03-2023
2215;2;2;16-12-2022
2216;20;3;29-04-2023
2217;89;5;07-07-2022
2218;24;5;13-12-2023
2219;91;2;24-07-2022
2220;71;4;20-10-2022
2221;87;2;16-05-2023
2222;52;3;07-08-2023
2223;82;4;15-08-2023
2224;44;4;13-04-2022
2225;59;4;20-10-2022
2226;86;5;13-07-2023
2227;84;2;04-10-2022
2228;62;2;19-11-2022
2229;19;2;09-07-2023
2230;18;1;16-06-2023
2231;43;3;11-03-2023
2232;96;4;17-07-2022
2233;34;5;13-03-2022
2234;75;3;29-06-2022
2235;42;1;28-03-2023
2236;82;2;17-05-2022
2237;4;4;02-11-2023
2238;68;3;01-02-2023
2239;53;5;26-08-2023
2240;71;5;17-01-2023
2241;65;2;13-09-2022
2242;38;1;12-04-2022
2243;12;5;22-06-2022
2244;34;5;16-08-2022
2245;58;5;05-01-2022
2246;73;3;05-02-2023
2247;65;1;30-05-2022
2248;84;4;30-10-2022
2249;89;5;01-08-2023
2250;68;4;11-12-2023
2251;34;3;19-07-2022
2252;70;4;11-03-2022
2253;45;4;30-08-2022
2254;13;5;18-07-2022
2255;36;1;22-05-2023
2256;23;5;16-02-2023
2257;15;3;13-03-2022
2258;67;2;30-05-2023
2259;25;2;15-11-2022
2260;84;3;08-03-2023
2261;11;5;09-03-2022
2262;47;2;11-07-2022
2263;29;4;04-01-2022
2264;46;4;07-04-2022
2265;65;3;19-10-2022
2266;73;4;14-01-2023
2267;90;3;05-10-2022
2268;3;3;25-02-2023
2269;86;1;03-02-2022
2270;78;4;07-10-2023
2271;78;5;19-05-2022
2272;90;5;01-03-2022
2273;71;2;26-02-2023
2274;75;4;14-02-2023
2275;42;4;24-05-2022
2276;83;3;19-03-2023
2277;14;3;30-08-2022
2278;33;1;20-06-2023
2279;5;2;26-05-2022
2280;32;5;02-06-2023
2281;21;4;07-12-2022
2282;63;2;06-01-2022
2283;42;2;04-06-2022
2284;89;3;07-07-2023
2285;32;4;17-01-2023
2286;21;4;15-07-2023
2287;20;4;22-02-2023
2288;80;4;15-06-2023
2289;45;3;05-11-2023
2290;40;2;29-01-2022
2291;29;2;31-07-2023
2292;78;1;18-12-2022
2293;10;4;14-11-2023
2294;70;4;28-04-2023
2295;4;1;07-06-2022
2296;14;2;17-08-2023
2297;50;2;11-01-2023
2298;60;3;04-07-2022
2299;50;4;19-01-2022
2300;86;5;08-09-2022
2301;8;5;22-09-2023
2302;78;5;19-08-2023
2303;43;1;01-08-2023
2304;73;5;05-04-2023
2305;84;2;25-01-2023
2306;36;3;18-07-2022
2307;7;2;29-12-2023
2308;89;2;24-12-2023
2309;58;4;01-10-2022
2310;47;3;22-11-2022
2311;60;1;17-02-2023
2312;46;4;20-11-2022
2313;2;1;13-03-2023
2314;72;1;25-10-2023
2315;97;3;07-03-2022
2316;45;1;24-09-2022
2317;17;1;11-08-2023
2318;89;4;17-01-2022
2319;60;5;03-09-2022
2320;5;3;23-12-2022
2321;62;1;13-12-2023
2322;11;1;02-09-2023
2323;21;3;26-05-2022
2324;47;3;01-09-2023
2325;92;4;16-05-2023
2326;3;4;18-01-2022
2327;14;5;18-02-2023
2328;37;4;25-05-2022
2329;11;1;08-01-2023
2330;65;3;14-03-2023
2331;16;3;08-11-2022
2332;9;5;23-01-2023
2333;33;5;16-04-2022
2334;83;1;04-06-2023
2335;59;2;22-09-2023
2336;11;2;06-03-2022
2337;71;2;01-03-2023
2338;31;1;08-08-2022
2339;75;1;21-05-2022
2340;35;2;08-08-2023
2341;34;2;19-01-2023
2342;78;3;06-02-2023
2343;49;5;16-02-2022
2344;77;2;07-02-2023
2345;86;5;13-08-2022
2346;44;4;23-09-2023
2347;31;3;21-09-2023
2348;58;5;14-03-2023
2349;51;4;10-08-2022
2350;5;3;05-12-2022
2351;18;2;10-04-2022
2352;64;4;29-09-2022
2353;47;1;24-02-2022
2354;32;1;05-04-2023
2355;19;3;11-04-2023
2356;14;5;25-02-2022
2357;22;3;25-03-2023
2358;3;2;26-01-2023
2359;38;4;15-07-2022
2360;34;1;04-01-2023
2361;94;5;14-09-2022
2362;16;4;26-05-2023
2363;76;2;01-12-2022
2364;73;2;28-02-2022
2365;20;2;20-10-2022
2366;13;4;09-09-2022
2367;74;1;10-12-2023
2368;98;4;03-01-2023
2369;69;2;13-03-2022
2370;49;1;01-07-2022
2371;34;2;07-09-2022
2372;12;1;16-11-2022
2373;48;5;23-07-2023
2374;17;2;11-07-2022
2375;95;5;08-11-2023
2376;48;1;03-07-2022
2377;48;2;29-12-2022
2378;12;3;07-06-2023
2379;56;4;13-07-2023
2380;72;1;11-03-2022
2381;65;3;30-08-2023
2382;77;2;30-11-2022
2383;56;4;20-04-2022
2384;95;4;18-12-2022
2385;38;5;17-11-2023
2386;56;4;02-04-2022
2387;40;3;18-02-2023
2388;8;3;05-12-2023
2389;38;3;11-04-2023
2390;51;4;10-01-2023
2391;23;5;22-09-2022
2392;39;1;29-06-2022
2393;40;3;15-03-2023
2394;41;1;16-03-2022
2395;96;2;02-12-2022
2396;51;4;21-04-2022
2397;61;1;10-09-2023
2398;51;1;25-10-2022
2399;41;1;05-07-2022
2400;30;2;23-07-2023
2401;98;4;18-04-2022
2402;85;3;06-08-2023
2403;62;4;30-05-2023
2404;48;1;17-03-2022
2405;57;5;16-10-2022
2406;12;1;24-10-2023
2407;2;2;15-01-2022
2408;34;1;26-09-2022
2409;80;3;11-11-2022
2410;30;2;18-09-2022
2411;70;5;26-03-2023
2412;28;2;20-06-2022
2413;27;4;12-05-2023
2414;56;4;04-07-2023
2415;33;5;19-10-2022
2416;65;3;09-02-2023
2417;56;4;18-04-2022
2418;44;1;15-06-2023
2419;46;2;28-12-2022
2420;68;1;11-04-2022
2421;75;3;27-01-2022
2422;88;4;30-12-2022
2423;22;5;04-09-2022
2424;72;3;31-10-2022
2425;25;4;02-10-2022
2426;63;4;25-07-2022
2427;25;5;06-02-2023
2428;50;3;24-11-2023
2429;14;3;15-02-2022
2430;6;3;16-03-2022
2431;66;5;08-01-2023
2432;98;3;23-10-2022
2433;29;2;17-06-2022
2434;55;3;28-02-2023
2435;10;3;21-12-2023
2436;93;5;15-12-2023
2437;83;4;23-10-2022
2438;67;1;25-09-2023
2439;64;3;04-03-2023
2440;84;1;29-01-2023
2441;94;2;14-03-2022
2442;18;3;05-01-2022
2443;29;1;03-05-2022
2444;17;1;28-01-2022
2445;51;3;09-09-2023
2446;21;2;10-03-2022
2447;37;5;19-08-2023
2448;65;2;11-12-2022
2449;16;1;19-02-2022
2450;11;3;22-03-2023
2451;29;4;25-07-2022
2452;91;4;17-12-2023
2453;97;4;30-08-2023
2454;2;2;08-09-2023
2455;56;5;01-01-2023
2456;1;2;21-07-2023
2457;20;2;16-03-2022
2458;15;1;24-01-2023
2459;50;4;13-01-2022
2460;100;1;21-06-2023
2461;1;1;28-09-2023
2462;18;3;10-11-2023
2463;4;2;20-06-2022
2464;88;2;06-03-2022
2465;60;1;19-08-2023
2466;76;3;05-05-2022
2467;12;2;06-05-2022
2468;27;3;21-10-2023
2469;36;3;19-07-2023
2470;24;3;04-05-2022
2471;44;3;14-12-2022
2472;68;1;24-11-2023
2473;62;3;23-06-2022
2474;55;4;01-12-2023
2475;35;5;29-08-2023
2476;99;4;02-10-2022
2477;42;2;20-10-2023
2478;89;5;05-02-2022
2479;52;2;01-01-2023
2480;64;1;24-04-2023
2481;62;1;29-05-2023
2482;39;5;22-07-2023
2483;1;1;21-10-2023
2484;18;2;16-06-2022
2485;38;3;09-11-2023
2486;92;4;02-01-2023
2487;77;4;15-10-2022
2488;8;1;14-03-2023
2489;14;5;12-01-2023
2490;1;4;07-04-2023
2491;58;3;18-01-2022
2492;71;4;13-06-2023
2493;89;3;15-02-2023
2494;98;1;15-06-2023
2495;7;5;21-07-2022
2496;74;5;12-09-2023
2497;75;1;03-08-2022
2498;42;1;26-04-2022
2499;36;5;17-06-2023
2500;56;2;27-07-2023
2501;97;1;20-07-2023
2502;53;3;18-02-2022
2503;45;4;03-02-2022
2504;45;5;31-05-2023
2505;5;5;11-01-2023
2506;36;1;19-04-2023
2507;95;2;13-06-2023
2508;38;1;03-08-2023
2509;27;1;04-07-2023
2510;12;5;14-03-2023
2511;77;2;16-10-2023
2512;76;1;26-09-2023
2513;5;4;10-07-2022
2514;23;2;05-11-2023
2515;16;2;04-07-2022
2516;36;2;23-01-2023
2517;9;5;01-04-2023
2518;17;1;24-07-2022
2519;2;4;29-08-2022
2520;30;1;17-04-2023
2521;73;5;10-12-2022
2522;12;2;26-05-2023
2523;55;5;02-07-2022
2524;29;5;16-01-2022
2525;59;3;08-03-2023
2526;9;1;19-11-2023
2527;41;4;16-06-2022
2528;86;4;04-11-2022
2529;53;4;14-12-2023
2530;78;2;05-11-2022
2531;36;5;08-01-2023
2532;74;4;17-01-2022
2533;43;2;03-04-2023
2534;58;2;17-09-2022
2535;39;4;14-03-2022
2536;40;4;19-06-2022
2537;37;5;28-03-2023
2538;29;2;09-06-2022
2539;62;3;09-11-2023
2540;11;3;25-05-2023
2541;96;3;04-11-2023
2542;30;3;23-04-2023
2543;8;1;01-09-2023
2544;78;4;02-01-2022
2545;49;3;28-03-2022
2546;92;2;16-01-2022
2547;10;2;05-12-2022
2548;89;2;25-09-2022
2549;18;4;01-05-2022
2550;67;5;10-02-2023
2551;53;2;23-06-2023
2552;62;4;14-07-2023
2553;44;4;27-11-2023
2554;98;3;05-02-2023
2555;50;1;13-04-2023
2556;31;3;05-05-2022
2557;84;5;20-12-2022
2558;85;3;02-01-2022
2559;87;4;20-09-2022
2560;1;2;10-09-2022
2561;6;5;12-07-2023
2562;46;2;28-10-2023
2563;87;3;23-01-2023
2564;61;3;04-02-2023
2565;1;4;19-07-2023
2566;36;2;15-06-2023
2567;96;1;13-01-2022
2568;56;4;24-01-2022
2569;52;2;09-05-2023
2570;66;5;25-10-2022
2571;85;2;04-02-2023
2572;80;3;30-09-2023
2573;96;1;30-08-2022
2574;30;5;28-03-2023
2575;13;1;23-05-2022
2576;2;5;23-07-2023
2577;43;1;11-08-2022
2578;34;5;23-03-2023
2579;43;2;28-08-2022
2580;6;3;22-03-2023
2581;86;3;25-11-2022
2582;78;5;09-11-2023
2583;18;1;24-06-2022
2584;96;1;03-06-2022
2585;96;3;21-11-2023
2586;31;3;09-12-2022
2587;80;2;31-03-2023
2588;79;2;22-07-2023
2589;86;1;15-07-2022
2590;27;3;17-01-2022
2591;8;3;03-04-2022
2592;16;3;02-10-2022
2593;36;4;02-10-2023
2594;70;4;05-08-2022
2595;39;4;10-12-2022
2596;35;3;27-11-2022
2597;25;3;28-09-2023
2598;4;1;21-11-2023
2599;10;1;22-06-2022
2600;42;4;23-03-2023
2601;98;1;28-03-2023
2602;26;2;18-05-2022
2603;84;5;17-07-2022
2604;32;3;04-06-2022
2605;70;5;20-09-2023
2606;89;2;11-08-2022
2607;54;1;19-12-2023
2608;89;3;12-07-2022
2609;7;1;23-05-2022
2610;76;4;06-03-2022
2611;51;5;08-09-2023
2612;33;5;02-03-2023
2613;34;4;14-10-2023
2614;93;1;21-02-2022
2615;58;1;19-04-2023
2616;4;5;28-09-2022
2617;63;5;10-09-2022
2618;32;5;05-08-2022
2619;63;4;19-11-2023
2620;21;1;20-07-2023
2621;5;2;29-05-2022
2622;95;5;31-08-2023
2623;94;1;26-01-2023
2624;70;4;13-09-2022
2625;70;3;17-10-2022
2626;18;3;06-02-2023
2627;10;2;12-01-2023
2628;100;5;02-11-2023
2629;85;4;28-06-2022
2630;18;5;26-07-2022
2631;25;1;01-07-2022
2632;10;5;15-06-2022
2633;51;4;21-10-2023
2634;100;1;07-02-2023
2635;83;2;16-05-2022
2636;85;4;29-10-2022
2637;86;1;11-06-2023
2638;22;2;12-12-2023
2639;16;1;09-08-2023
2640;72;4;10-11-2022
2641;4;3;21-05-2022
2642;88;2;13-10-2022
2643;92;2;04-10-2023
2644;50;3;29-08-2023
2645;16;2;25-06-2023
2646;93;4;27-02-2023
2647;97;1;12-12-2022
2648;36;1;07-06-2023
2649;22;3;27-05-2023
2650;69;2;09-09-2022
2651;28;1;07-01-2023
2652;49;3;12-09-2023
2653;76;4;13-09-2023
2654;35;1;01-06-2023
2655;4;2;25-02-2023
2656;84;1;28-12-2023
2657;91;3;29-09-2022
2658;76;4;28-10-2022
2659;5;1;21-04-2023
2660;16;4;24-10-2022
2661;91;5;01-06-2022
2662;68;2;02-09-2023
2663;47;5;06-12-2023
2664;6;5;28-06-2022
2665;41;5;21-05-2023
2666;32;2;14-09-2023
2667;73;3;02-02-2022
2668;62;1;10-08-2023
2669;88;4;16-03-2023
2670;21;4;30-07-2023
2671;4;1;06-04-2023
2672;29;5;02-12-2022
2673;62;1;08-12-2023
2674;81;3;05-06-2022
2675;89;1;18-10-2022
2676;67;5;17-11-2022
2677;89;3;22-10-2023
2678;49;4;10-07-2023
2679;94;5;08-10-2022
2680;94;5;12-11-2022
2681;65;2;03-08-2022
2682;61;4;31-10-2022
2683;46;1;29-06-2022
2684;16;3;14-04-2022
2685;24;4;12-01-2022
2686;14;1;15-09-2023
2687;63;2;12-09-2023
2688;74;3;22-09-2022
2689;30;4;07-07-2023
2690;92;1;31-10-2023
2691;19;1;24-02-2023
2692;60;1;25-10-2022
2693;62;4;03-08-2023
2694;85;1;30-06-2022
2695;72;1;01-07-2023
2696;56;5;18-03-2023
2697;33;3;10-11-2023
2698;29;2;20-11-2022
2699;16;1;18-06-2023
2700;27;5;21-06-2022
2701;29;1;27-05-2022
2702;7;2;10-10-2023
2703;100;1;25-12-2022
2704;47;5;29-11-2022
2705;94;4;26-11-2022
2706;59;4;31-08-2023
2707;44;5;01-04-2022
2708;79;2;07-08-2023
2709;96;4;13-04-2023
2710;39;5;23-10-2022
2711;16;1;23-03-2023
2712;90;2;29-08-2022
2713;7;5;06-09-2023
2714;64;5;20-07-2022
2715;3;1;08-12-2023
2716;82;5;08-08-2022
2717;92;5;28-10-2023
2718;46;2;06-07-2022
2719;31;3;03-09-2022
2720;73;1;30-01-2023
2721;96;5;09-07-2023
2722;21;2;11-09-2023
2723;67;3;25-06-2023
2724;59;4;10-08-2023
2725;12;5;17-03-2023
2726;78;1;25-03-2022
2727;12;2;06-12-2023
2728;8;3;15-02-2023
2729;20;1;08-06-2022
2730;50;3;13-08-2022
2731;97;1;12-03-2022
2732;34;5;11-07-2023
2733;2;4;15-07-2023
2734;50;5;05-12-2022
2735;69;1;21-03-2023
2736;32;4;03-10-2022
2737;91;4;14-08-2023
2738;98;2;31-05-2023
2739;27;4;08-03-2022
2740;90;2;29-12-2023
2741;67;3;02-01-2022
2742;46;5;23-11-2023
2743;69;2;30-03-2023
2744;28;2;26-08-2022
2745;77;3;16-03-2022
2746;99;2;02-09-2022
2747;9;1;10-01-2023
2748;75;4;28-08-2022
2749;92;3;17-08-2022
2750;99;2;16-12-2023
2751;75;3;11-05-2022
2752;20;3;13-10-2023
2753;77;3;17-03-2022
2754;90;2;24-05-2022
2755;5;2;21-07-2022
2756;66;2;26-01-2022
2757;28;4;05-03-2022
2758;77;3;09-07-2022
2759;26;1;20-12-2023
2760;89;4;05-09-2022
2761;8;3;21-08-2023
2762;19;4;11-07-2023
2763;57;3;23-02-2023
2764;3;1;26-07-2023
2765;11;4;17-03-2023
2766;47;4;26-02-2022
2767;10;1;13-05-2022
2768;4;3;14-04-2022
2769;38;1;17-07-2023
2770;87;1;17-04-2022
2771;46;2;07-09-2023
2772;65;1;08-04-2022
2773;42;3;02-11-2023
2774;12;1;20-07-2023
2775;15;1;15-01-2023
2776;99;5;15-06-2022
2777;73;4;18-09-2022
2778;45;2;11-04-2022
2779;99;3;01-08-2022
2780;35;5;02-03-2022
2781;50;3;23-10-2023
2782;53;4;01-07-2022
2783;5;5;02-12-2023
2784;39;1;12-01-2022
2785;53;5;19-06-2023
2786;14;5;13-04-2023
2787;60;2;13-10-2022
2788;78;2;25-09-2023
2789;30;3;31-01-2022
2790;76;4;24-10-2023
2791;19;1;09-01-2023
2792;72;2;27-02-2022
2793;50;4;04-03-2022
2794;63;4;29-01-2023
2795;26;4;12-10-2023
2796;69;1;05-02-2023
2797;41;5;25-06-2023
2798;22;3;25-06-2023
2799;53;1;09-03-2023
2800;11;5;13-08-2022
2801;10;3;08-06-2022
2802;48;2;09-07-2022
2803;87;5;06-12-2023
2804;27;1;11-03-2022
2805;60;4;22-08-2023
2806;11;4;13-02-2023
2807;82;4;13-11-2023
2808;22;4;20-01-2022
2809;58;5;19-10-2023
2810;88;1;16-05-2023
2811;46;5;26-02-2023
2812;43;2;06-01-2022
2813;60;1;02-09-2023
2814;14;2;09-06-2022
2815;96;5;01-02-2022
2816;16;2;28-12-2023
2817;82;3;26-11-2022
2818;24;4;12-09-2022
2819;82;1;10-11-2023
2820;30;1;28-03-2023
2821;27;4;08-12-2022
2822;10;1;28-07-2023
2823;92;5;17-06-2022
2824;48;3;03-08-2023
2825;8;2;02-10-2023
2826;70;5;13-10-2022
2827;21;5;09-02-2022
2828;80;3;30-06-2022
2829;81;3;14-04-2023
2830;22;2;04-07-2023
2831;70;3;09-11-2022
2832;8;4;03-10-2023
2833;62;2;10-07-2022
2834;51;3;19-05-2022
2835;75;4;20-06-2022
2836;67;3;12-03-2023
2837;77;1;17-06-2023
2838;20;5;12-05-2022
2839;98;2;04-02-2023
2840;30;4;13-11-2022
2841;65;1;16-08-2023
2842;28;5;23-01-2023
2843;98;1;22-10-2023
2844;33;5;30-01-2022
2845;64;5;29-01-2022
2846;47;3;24-02-2023
2847;8;5;14-03-2022
2848;72;2;03-10-2022
2849;74;2;05-06-2022
2850;52;1;17-03-2023
2851;91;2;14-02-2022
2852;31;5;10-11-2022
2853;31;2;22-06-2023
2854;64;4;02-12-2023
2855;93;2;06-12-2023
2856;64;2;04-12-2023
2857;80;2;29-01-2022
2858;63;3;28-04-2022
2859;15;3;23-10-2022
2860;21;3;27-04-2022
2861;25;5;14-08-2023
2862;80;5;11-12-2023
2863;84;3;18-10-2023
2864;99;1;22-08-2022
2865;10;5;30-10-2022
2866;21;2;08-12-2023
2867;5;1;30-09-2023
2868;8;4;19-11-2023
2869;45;4;16-09-2023
2870;31;1;13-04-2022
2871;17;2;18-04-2022
2872;78;5;07-04-2023
2873;43;5;28-03-2023
2874;96;2;29-08-2022
2875;42;1;24-06-2023
2876;30;3;10-05-2023
2877;2;4;01-12-2022
2878;1;2;16-12-2023
2879;78;1;10-11-2022
2880;84;2;25-12-2023
2881;22;1;13-01-2023
2882;71;4;26-11-2023
2883;38;2;31-05-2023
2884;76;2;25-01-2023
2885;30;4;27-12-2023
2886;43;2;06-11-2022
2887;47;4;22-11-2023
2888;30;2;01-12-2022
2889;17;2;26-12-2022
2890;60;2;05-08-2023
2891;71;5;28-05-2023
2892;63;3;29-12-2023
2893;82;1;30-03-2022
2894;34;3;06-03-2023
2895;25;4;23-05-2022
2896;25;1;08-09-2022
2897;54;4;08-11-2022
2898;9;1;29-06-2023
2899;55;4;30-06-2022
2900;92;1;25-12-2022
2901;71;2;12-05-2023
2902;34;5;03-10-2023
2903;24;2;24-12-2023
2904;5;1;16-08-2022
2905;22;1;04-06-2022
2906;89;2;30-11-2022
2907;46;5;04-11-2023
2908;47;5;04-03-2023
2909;49;3;03-01-2023
2910;5;3;19-06-2023
2911;45;2;29-05-2023
2912;25;1;30-01-2022
2913;25;1;08-12-2023
2914;33;4;21-09-2023
2915;28;1;03-08-2022
2916;39;5;20-09-2022
2917;9;5;31-10-2023
2918;92;4;13-10-2022
2919;31;3;19-06-2023
2920;57;4;19-11-2022
2921;32;4;31-03-2023
2922;98;1;03-09-2022
2923;69;1;19-12-2022
2924;100;4;13-09-2023
2925;21;2;03-06-2023
2926;95;2;17-08-2022
2927;66;5;08-03-2022
2928;60;1;25-04-2022
2929;19;2;07-08-2022
2930;32;4;05-07-2022
2931;72;4;10-08-2022
2932;7;4;18-01-2022
2933;96;1;16-02-2022
2934;75;3;17-08-2022
2935;11;2;22-07-2022
2936;58;4;29-12-2022
2937;83;1;07-02-2023
2938;14;5;29-01-2022
2939;84;5;01-05-2022
2940;52;5;23-08-2023
2941;10;1;29-04-2023
2942;74;5;17-04-2023
2943;82;2;08-08-2023
2944;22;1;12-03-2023
2945;32;2;22-04-2022
2946;81;1;15-07-2023
2947;48;1;19-02-2022
2948;8;1;05-03-2023
2949;71;2;26-09-2022
2950;60;1;09-01-2023
2951;46;4;27-07-2023
2952;43;4;16-11-2023
2953;26;1;08-07-2022
2954;95;4;16-06-2022
2955;41;1;14-06-2023
2956;70;3;30-12-2022
2957;34;2;07-11-2023
2958;25;4;29-08-2022
2959;3;4;07-09-2023
2960;77;1;18-05-2022
2961;5;5;11-10-2022
2962;33;5;14-09-2022
2963;3;1;01-08-2023
2964;43;5;20-04-2022
2965;68;2;10-02-2022
2966;39;3;14-11-2023
2967;33;2;26-11-2023
2968;92;4;13-11-2023
2969;6;2;20-05-2022
2970;29;4;10-04-2022
2971;23;4;29-09-2022
2972;74;3;28-07-2022
2973;14;3;26-03-2023
2974;85;5;17-12-2023
2975;41;1;23-05-2023
2976;56;5;07-04-2023
2977;54;2;27-09-2023
2978;45;4;28-07-2023
2979;48;3;26-12-2023
2980;29;5;19-10-2022
2981;3;3;20-10-2023
2982;14;3;19-12-2023
2983;35;2;27-09-2022
2984;23;3;25-10-2022
2985;12;5;01-09-2023
2986;35;2;30-08-2022
2987;33;5;27-02-2023
2988;43;2;18-12-2023
2989;33;4;06-10-2022
2990;19;5;28-03-2022
2991;19;1;31-03-2023
2992;29;2;29-07-2023
2993;78;5;20-08-2023
2994;27;5;20-03-2022
2995;77;5;13-11-2022
2996;19;3;28-04-2023
2997;59;1;16-04-2022
2998;12;4;11-04-2023
2999;58;4;25-07-2023
3000;18;5;19-02-2023
